Workbook

Sheet График ТКРС
A1: Участок | B1: Бригада | C1: Наличие НЗ/ПР | D1: статус | E1: Скв | F1: Куст | G1: дата начала (план) | H1: дата ГТМ | I1: заверш рем (план) | J1: Дн. + актировка с 01.12-15.03 (формула) | K1: Метео | L1: Продолжительность | M1: Qж/Qг, м3/сут | N1: Н2О, % | O1: Qн, тн/сут | P1: ГФ, м3/м3 | Q1: вид КР | R1: Планируемый объем работ | S1: Дата выхода их бурения | T1: начГРП | U1: стадий ГРП | V1: заверш ГРП | W1: Приоритет
A2: 2 | B2: 1 КРС ООО "ИНК-ТКРС" | C2: готов | D2: выполняется | E2: Vt_5705 | F2: 57 | G2: 46131 | I2: 46138 | J2: 7 | K2: 0 | L2: 168 | M2: 49 | N2: 2 | O2: 0 | P2: 399 | Q2: КР10-1 | R2: смена НКТ 114х89 | S2: - | W2: нет в перечне
A3: 1 | B3: 1 КРС ООО "ИНК-ТКРС" | E3: Vt_б/н | G3: 46138 | I3: 46146 | J3: 8 | K3: 0 | L3: 192 | M3: 0 | N3: 0 | O3: 0 | Q3: ТР5-1 | R3: Смена ЭЦН на отказной скважине | S3: - | W3: нет в перечне
A4: 1 | B4: 1 КРС ООО "ИНК-ТКРС" | E4: Vt_б/н | G4: 46146 | I4: 46154 | J4: 8 | K4: 0 | L4: 192 | M4: 0 | N4: 0 | O4: 0 | Q4: ТР5-1 | R4: Смена ЭЦН на отказной скважине | S4: - | W4: нет в перечне
A5: 2 | B5: 1 КРС ООО "ИНК-ТКРС" | C5: нз нет | D5: гнкт | E5: Vt_5010 | F5: 50 | G5: 46154 | I5: 46162 | J5: 8 | K5: 0 | L5: 192 | M5: 298 | N5: 10 | O5: 218 | P5: 400 | Q5: КР-ОС-6 | R5: Спуск ЭЦН после ЗОС | S5: 19.02.2026 | T5: 46102 | U5: 1 | V5: 46103 | W5: Высокий
A6: 2 | B6: 1 КРС ООО "ИНК-ТКРС" | D6: ож гнкт ож зос | E6: Vt_5009 | F6: 50 | G6: 46162 | I6: 46172 | J6: 10 | K6: 0 | L6: 240 | M6: 251 | N6: 10 | O6: 183 | P6: 400 | Q6: КР-ОС-6 | R6: Спуск ЭЦН после ЗОС/КГРП | S6: 11.12.2025 | T6: 46108 | U6: 1 | V6: 46111 | W6: Высокий
A7: 1 | B7: 1 КРС ООО "ИНК-ТКРС" | E7: Ya_838 | F7: 214 | G7: 46172 | I7: 46182 | J7: 10 | K7: 0 | L7: 240 | M7: 100 | N7: 0 | O7: 0 | P7: 199 | Q7: КР7-2 | R7: ПР к ГРП | S7: - | T7: 46247 | U7: 1 | V7: 46251 | W7: нет в перечне
A8: 1 | B8: 1 КРС ООО "ИНК-ТКРС" | E8: Ya_812 | F8: 219 | G8: 46182 | I8: 46192 | J8: 10 | K8: 0 | L8: 240 | M8: 0 | N8: 0 | O8: 0 | P8: 0 | Q8: ТР6-1 | R8: Прочие ГТМ ППД ГАЗ | S8: - | W8: КРС
A9: 1 | B9: 1 КРС ООО "ИНК-ТКРС" | E9: Ya_888 | F9: 222 | G9: 46192 | I9: 46200 | J9: 8 | K9: 0 | L9: 192 | M9: 100000 | N9: 0 | O9: 39 | P9: 0 | Q9: ТР6-1 | R9: Прочие ГТМ ППД ГАЗ | S9: - | W9: ЗОС
A10: 1 | B10: 1 КРС ООО "ИНК-ТКРС" | E10: Ya_844 | F10: 216 | G10: 46200 | I10: 46208 | J10: 8 | K10: 0 | L10: 192 | M10: 0 | N10: 0 | O10: 0 | P10: 0 | Q10: ТР6-1 | R10: смена нкт (ППР) | S10: - | W10: КРС ЗОС
A11: 1 | B11: 1 КРС ООО "ИНК-ТКРС" | E11: Ya_820 | F11: 233 | G11: 46208 | I11: 46222 | J11: 14 | K11: 0 | L11: 336 | M11: 0 | N11: 0 | O11: 0 | P11: 0 | Q11: ТР6-1 | R11: смена нкт (ППР) | S11: - | W11: КРС ЗОС
A12: 1 | B12: 1 КРС ООО "ИНК-ТКРС" | E12: Ya_б/н | G12: 46222 | I12: 46230 | J12: 8 | K12: 0 | L12: 192 | M12: 0 | N12: 0 | O12: 0 | Q12: ТР5-1 | R12: Смена ЭЦН на отказной скважине | S12: - | W12: нет в перечне
A13: 2 | B13: 2 КРС ООО "ИНК-ТКРС" | C13: готов | D13: выполняется | E13: Vt_8403 | F13: 84 | G13: 46106 | I13: 46172 | J13: 66 | K13: 0 | L13: 1584 | M13: 59 | N13: 22 | O13: 37 | P13: 70 | Q13: КР3-1.1 | R13: Прихват ЭЦН в колонне, отстрел НКТ | S13: 20.02.2025 | W13: Средний
A14: 2 | B14: 2 КРС ООО "ИНК-ТКРС" | D14: ож эцн | E14: Ic_375 | F14: 9 | G14: 46172 | I14: 46202 | J14: 30 | K14: 0 | L14: 720 | M14: 86 | N14: 54 | O14: 32 | P14: 155 | Q14: КР3-1.1 | R14: ЛА при смене | S14: - | W14: Средний
A15: 2 | B15: 3 КРС ООО "ИНК-ТКРС" | C15: готов | D15: выполняется | E15: Vt_9430 | F15: 94 | G15: 46133 | I15: 46136 | J15: 3 | K15: 0 | L15: 72 | M15: 0 | N15: 0 | O15: 0 | Q15: КР-ОС-8 | R15: извлечение ЭЦН спуск воронки Н=1710м (подъем Э-200-2400) | S15: - | W15: нет в перечне
A16: 2 | B16: 3 КРС ООО "ИНК-ТКРС" | C16: готов | E16: Vt_094г | F16: 94 | G16: 46136 | I16: 46137 | J16: 1 | K16: 0 | L16: 24 | M16: 320 | N16: 0 | O16: 0 | Q16: ТР8-1 | R16: извлечение для ревизии с автокрана | S16: - | W16: нет в перечне
A17: 2 | B17: 3 КРС ООО "ИНК-ТКРС" | E17: Vt_б/н | G17: 46137 | I17: 46145 | J17: 8 | K17: 0 | L17: 192 | M17: 0 | N17: 0 | O17: 0 | Q17: ТР5-1 | R17: Смена ЭЦН на отказной скважине | S17: - | W17: нет в перечне
A18: 2 | B18: 3 КРС ООО "ИНК-ТКРС" | C18: пр нет | D18: ож эцн | E18: Vt_094г | F18: 94 | G18: 46145 | I18: 46146 | J18: 1 | K18: 0 | L18: 24 | M18: 320 | N18: 0 | O18: 0 | Q18: ТР8-1 | R18: Спуск ЭЦН автокрана | S18: - | W18: нет в перечне
A19: 2 | B19: 4 КРС ООО "ИНК-ТКРС" | C19: готов | D19: выполняется | E19: Vt_3406 | F19: 34 | G19: 46097 | I19: 46143 | J19: 46 | K19: 0 | L19: 1104 | M19: 1167 | N19: 88 | O19: 113 | P19: 219 | Q19: КР3-1.1 | R19: ЛА, НЗ (разбуривание МГРП), Смена ЭЦН на отказной скважине, Увеличение ремонта за счет доп работ. ПВР | S19: - | W19: -
A20: 2 | B20: 4 КРС ООО "ИНК-ТКРС" | D20: ож подгот ож эцн | E20: Vt_3401 | F20: 34 | G20: 46143 | I20: 46151 | J20: 8 | K20: 0 | L20: 192 | M20: 100 | N20: 60 | O20: 32 | P20: 350 | Q20: ТР5-1 | R20: смена ЭЦН на отказной скважине | S20: - | W20: за рамками трех месяцев
A21: 2 | B21: 4 КРС ООО "ИНК-ТКРС" | D21: ож подгот | E21: Vt_3403 | F21: 34 | G21: 46151 | I21: 46159 | J21: 8 | K21: 0 | L21: 192 | M21: 74 | N21: 72 | O21: 17 | P21: 282 | Q21: ТР5-1 | R21: Смена ЭЦН на отказной скважине | S21: - | W21: Низкий
A22: 2 | B22: 4 КРС ООО "ИНК-ТКРС" | E22: Vt_б/н | G22: 46159 | I22: 46167 | J22: 8 | K22: 0 | L22: 192 | M22: 0 | N22: 0 | O22: 0 | Q22: ТР5-1 | R22: Смена ЭЦН на отказной скважине | S22: - | W22: нет в перечне
A23: 2 | B23: 4 КРС ООО "ИНК-ТКРС" | E23: Vt_б/н | G23: 46167 | I23: 46175 | J23: 8 | K23: 0 | L23: 192 | M23: 0 | N23: 0 | O23: 0 | Q23: ТР5-1 | R23: Смена ЭЦН на отказной скважине | S23: - | W23: нет в перечне
A24: 2 | B24: 4 КРС ООО "ИНК-ТКРС" | E24: Vt_8410 | F24: 84 | G24: 46175 | I24: 46185 | J24: 10 | K24: 0 | L24: 240 | M24: 600 | N24: 0 | O24: 0 | P24: 0 | Q24: КР9-1 | R24: Перевод в ППД. | S24: 25.08.2025 | W24: Высокий
A25: 2 | B25: 4 КРС ООО "ИНК-ТКРС" | E25: Vt_8409 | F25: 84 | G25: 46185 | I25: 46195 | J25: 10 | K25: 0 | L25: 240 | M25: 500 | N25: 0 | O25: 0 | P25: 683 | Q25: КР9-1 | R25: Подъем ЭЦН, спуск пакера ППД. | S25: 26.07.2025 | W25: -
A26: 2 | B26: 4 КРС ООО "ИНК-ТКРС" | E26: Vt_8412 | F26: 84 | G26: 46195 | I26: 46203 | J26: 8 | K26: 0 | L26: 192 | M26: 243 | N26: 60 | O26: 79 | P26: 330 | Q26: КР-ОС-1 | R26: Спуск ЭЦН после КГРП и отработки ЗОС | S26: 02.02.2026 | W26: -
A27: 2 | B27: 5 КРС ООО "ИНК-ТКРС" | C27: готов | D27: выполняется | E27: Ic_350 | F27: 7 | G27: 46131 | I27: 46135 | J27: 4 | K27: 0 | L27: 96 | M27: 77 | N27: 90 | O27: 6 | P27: 374 | Q27: ТР5-1 | R27: спуск эцн над головой аварийного оборудования | S27: - | W27: нет в перечне
A28: 2 | B28: 5 КРС ООО "ИНК-ТКРС" | C28: готов | E28: Ic_401 | F28: 7 | G28: 46135 | I28: 46149 | J28: 14 | K28: 0 | L28: 336 | M28: 106 | N28: 66 | O28: 30 | P28: 239 | Q28: КР13-1.1 | R28: КОПС извлечение аварийного скребка каскад | S28: - | W28: Средний
A29: 2 | B29: 5 КРС ООО "ИНК-ТКРС" | E29: Ic_919 | F29: 9 | G29: 46149 | I29: 46174 | J29: 25 | K29: 0 | L29: 600 | M29: 20 | N29: 1 | O29: 16 | P29: 390 | Q29: КР13-1.1 | R29: ВЦ по ЗТР, смена ЭЦН | S29: - | W29: Низкий
A30: 1 | B30: 5 КРС ООО "ИНК-ТКРС" | E30: Vt_б/н | G30: 46174 | I30: 46182 | J30: 8 | K30: 0 | L30: 192 | M30: 0 | N30: 0 | O30: 0 | Q30: ТР5-1 | R30: смена ЭЦН на отказной скважине с доп работами | S30: - | W30: нет в перечне
A31: 2 | B31: 5 КРС ООО "ИНК-ТКРС" | D31: ож гнкт | E31: Vt_4605 | F31: 46 | G31: 46182 | I31: 46196 | J31: 14 | K31: 0 | L31: 336 | M31: 300 | N31: 0 | O31: 0 | P31: 0 | Q31: КР7-2 | R31: ПР к ГРП по результам ГНКТ | S31: 17.12.2024 | T31: 46194 | U31: 1 | V31: 46196 | W31: Высокий
A32: 2 | B32: 5 КРС ООО "ИНК-ТКРС" | E32: Vt_4603 | F32: 46 | G32: 46196 | I32: 46206 | J32: 10 | K32: 0 | L32: 240 | M32: 800 | N32: 0 | O32: 0 | P32: 0 | Q32: КР9-1 | R32: Перевод в ППД | S32: 17.10.2024 | W32: Низкий
A33: 1 | B33: 5 КРС ООО "ИНК-ТКРС" | D33: ож гнкт | E33: Vt_4406 | F33: 44 | G33: 46206 | I33: 46214 | J33: 8 | K33: 0 | L33: 192 | M33: 33 | N33: 49 | O33: 14 | P33: 441 | Q33: ТР5-1 | R33: Смена ЭЦН на отказной скважине | S33: 17.06.2024 | W33: Средний
A34: 1 | B34: 6 КРС ООО "ИНК-ТКРС" | D34: выполняется | E34: Vt_4604 | F34: 46 | G34: 46133 | I34: 46139 | J34: 6 | K34: 0 | L34: 144 | M34: 423 | N34: 68 | O34: 110 | P34: 240 | Q34: ТР5-1 | R34: смена ЭЦН на отказной скважине по рез-ту КЗИ возможно ПДМ до сростка | S34: 18.11.2024 | W34: -
A35: 1 | B35: 6 КРС ООО "ИНК-ТКРС" | E35: Vt_б/н | G35: 46139 | I35: 46147 | J35: 8 | K35: 0 | L35: 192 | M35: 0 | N35: 0 | O35: 0 | Q35: ТР5-1 | R35: смена ЭЦН на отказной скважине с доп работами | S35: - | W35: нет в перечне
A36: 1 | B36: 6 КРС ООО "ИНК-ТКРС" | E36: Vt_б/н | G36: 46147 | I36: 46155 | J36: 8 | K36: 0 | L36: 192 | M36: 0 | N36: 0 | O36: 0 | Q36: ТР5-1 | R36: смена ЭЦН на отказной скважине с доп работами | S36: - | W36: нет в перечне
A37: 1 | B37: 6 КРС ООО "ИНК-ТКРС" | D37: эцн в налич | E37: Da_537 | F37: 15 | G37: 46155 | I37: 46161 | J37: 6 | K37: 0 | L37: 144 | M37: 74 | N37: 59 | O37: 25 | P37: 129 | Q37: ТР5-1 | R37: Смена ЭЦН на отказной скважине | S37: - | W37: высокий
A38: 1 | B38: 6 КРС ООО "ИНК-ТКРС" | D38: эцн в налич | E38: Da_515 | F38: 10 | G38: 46161 | I38: 46167 | J38: 6 | K38: 0 | L38: 144 | M38: 181 | N38: 92 | O38: 12 | P38: 32 | Q38: ТР5-1 | R38: Смена ЭЦН на отказной скважине | S38: - | W38: нет в перечне
A39: 1 | B39: 6 КРС ООО "ИНК-ТКРС" | D39: эцн в налич | E39: Da_543 | F39: 17 | G39: 46167 | I39: 46176 | J39: 8 | K39: 1 | L39: 216 | M39: 320 | N39: 65 | O39: 94 | P39: 220 | Q39: КР7-1 | R39: смена ЭЦН на МТР работает Э-700 | S39: - | W39: высокий
A40: 1 | B40: 6 КРС ООО "ИНК-ТКРС" | E40: Da_517 | F40: 19 | G40: 46176 | I40: 46184 | J40: 7 | K40: 1 | L40: 192 | M40: 12 | N40: 0 | O40: 10 | P40: 254 | Q40: КР13-1.1 | R40: КОПС | S40: - | W40: нет в перечне
A41: 1 | B41: 6 КРС ООО "ИНК-ТКРС" | D41: эцн в налич | E41: Da_512 | F41: 10 | G41: 46184 | I41: 46193 | J41: 8 | K41: 1 | L41: 216 | M41: 37 | N41: 50 | O41: 16 | P41: 6 | Q41: КР7-1 | R41: ВБД. Подъем ЭЦН, СПО ПСШ, спуск пакера в хвостовик 114, ОПЗ с ВНЭ, подъем пакера, спуск ЭЦН. Нужен ЭЦН малогабарит. | S41: - | W41: высокий
A42: 1 | B42: 6 КРС ООО "ИНК-ТКРС" | E42: Da_502 | F42: 10 | G42: 46193 | I42: 46202 | J42: 8 | K42: 1 | L42: 216 | M42: 62 | N42: 70 | O42: 16 | P42: 221 | Q42: ТР5-1 | R42: ВБД. Подъем ЭЦН, СПО ПСШ, спуск ЭЦН. Нужен ЭЦН малогабарит. | S42: - | W42: высокий
A43: 1 | B43: 6 КРС ООО "ИНК-ТКРС" | E43: Da_506 | F43: 14 | G43: 46202 | I43: 46210 | J43: 8 | K43: 0 | L43: 192 | M43: 32 | N43: 40 | O43: 16 | P43: 22 | Q43: КР7-1 | R43: Подъем ЭЦН, СПО ПСШ, спуск ЭЦН. | S43: - | W43: высокий
A44: 1 | B44: 6 КРС ООО "ИНК-ТКРС" | E44: Da_544 | F44: 17 | G44: 46210 | I44: 46217 | J44: 7 | K44: 0 | L44: 168 | M44: 7 | N44: 31 | O44: 4 | P44: 575 | Q44: КР13-1.1 | R44: КОПС | S44: - | W44: высокий
A45: 1 | B45: 6 КРС ООО "ИНК-ТКРС" | E45: Da_542 | F45: 17 | G45: 46217 | I45: 46227 | J45: 10 | K45: 0 | L45: 240 | M45: 500 | N45: 0 | O45: 0 | P45: 0 | Q45: КР7-1 | R45: Смена пакера ППД. | S45: - | W45: высокий
A46: 2 | B46: 9 КРС ООО "ИНК-ТКРС" | D46: выполняется | E46: Vt_912г | F46: 91 | G46: 46133 | I46: 46134 | J46: 1 | K46: 0 | L46: 24 | M46: 100 | N46: 0 | O46: 0 | Q46: ТР8-1 | R46: смена ЭЦВ | S46: - | W46: нет в перечне
A47: 2 | B47: 9 КРС ООО "ИНК-ТКРС" | C47: готов | E47: Vt_8804 | F47: 88 | G47: 46134 | I47: 46144 | J47: 10 | K47: 0 | L47: 240 | M47: 79 | N47: 20 | O47: 52 | P47: 320 | Q47: КР7-1 | R47: Смена ЭЦН, НЗ, ОПЗ | S47: 10.05.2025 | W47: -
A48: 2 | B48: 9 КРС ООО "ИНК-ТКРС" | D48: фонтан | E48: Vt_8711 | F48: 87 | G48: 46144 | I48: 46154 | J48: 10 | K48: 0 | L48: 240 | M48: 704 | N48: 25 | O48: 432 | P48: 322 | Q48: ТР2-5.3 | R48: ПМД Подъем УГРП, спуск ЭЦН | S48: 24.07.2025 | W48: Средний
A49: 2 | B49: 9 КРС ООО "ИНК-ТКРС" | D49: эцв в налич | E49: Ic_960 | F49: 6 | G49: 46154 | I49: 46164 | J49: 10 | K49: 0 | L49: 240 | M49: 32 | N49: 2 | O49: 25 | P49: 239 | Q49: ТР5-1 | R49: Смена ЭЦН на отказной скважине опрессовываем лифт перед подъёмом, в случае зафиксированного падения давления будет поинтервальная опрессовка | S49: - | W49: Средний
A50: 2 | B50: 9 КРС ООО "ИНК-ТКРС" | E50: Vt_б/н | G50: 46164 | I50: 46172 | J50: 8 | K50: 0 | L50: 192 | M50: 0 | N50: 0 | O50: 0 | Q50: ТР5-1 | S50: - | W50: нет в перечне
A51: 2 | B51: 9 КРС ООО "ИНК-ТКРС" | E51: Vt_33309 | F51: 333 | G51: 46172 | I51: 46188 | J51: 16 | K51: 0 | L51: 384 | M51: 103 | N51: 10 | O51: 76 | P51: 360 | Q51: КР-ОС-5 | R51: разбуривание МГРП, БК, нормализация открытого ствола, спуск УГРП | S51: 20.01.2026 | W51: -
A52: 2 | B52: 10 КРС ООО "ИНК-ТКРС" | C52: готов | D52: выполняется | E52: Vt_8106 | F52: 81 | G52: 46131 | I52: 46140 | J52: 9 | K52: 0 | L52: 216 | M52: 602 | N52: 78 | O52: 0 | P52: 812 | Q52: КР9-1 | R52: смена НКТ 114х89 | S52: - | W52: нет в перечне
A53: 2 | B53: 10 КРС ООО "ИНК-ТКРС" | C53: нз нет | D53: эцн в налич | E53: Vt_33310 | F53: 333 | G53: 46140 | I53: 46148 | J53: 8 | K53: 0 | L53: 192 | M53: 260 | N53: 10 | O53: 191 | Q53: КР-ОС-1 | R53: ПДМ УГРП, Спуск ЭЦН | S53: 24.02.2026 | W53: Не требуется
A54: 1 | B54: 10 КРС ООО "ИНК-ТКРС" | D54: ож эцн | E54: Vt_33320г | F54: 333 | G54: 46148 | I54: 46151 | J54: 3 | K54: 0 | L54: 72 | M54: 500 | N54: 0 | O54: 0 | P54: 0 | Q54: КР-ОС-7 | R54: спуск ЭЦН | S54: 11.03.2026 | W54: Высокий
A55: 1 | B55: 10 КРС ООО "ИНК-ТКРС" | E55: Vt_33305 | F55: 333 | G55: 46151 | I55: 46159 | J55: 8 | K55: 0 | L55: 192 | M55: 500 | N55: 0 | O55: 0 | P55: 0 | Q55: КР9-1 | R55: Подъем ЭЦН, спуск пакера ППД | S55: 03.10.2025 | W55: Средний
A56: 2 | B56: 10 КРС ООО "ИНК-ТКРС" | D56: ож зос | E56: Vt_33311 | F56: 333 | G56: 46159 | I56: 46169 | J56: 10 | K56: 0 | L56: 240 | M56: 222 | N56: 30 | O56: 126 | P56: 320 | Q56: КР-ОС-1 | R56: спуск эцн после отработки зос | S56: 30.04.2026 | W56: Средний
A57: 2 | B57: 10 КРС ООО "ИНК-ТКРС" | E57: Vt_33309 | F57: 333 | G57: 46169 | I57: 46175 | J57: 6 | K57: 0 | L57: 144 | M57: 103 | N57: 10 | O57: 76 | P57: 360 | Q57: КР-ОС-6 | R57: ЗР после ГРП (подъем УГРП, перфорация, спуск УЭЦН) – 138ч (4,02млн.) | S57: 20.01.2026 | W57: -
A58: 1 | B58: 10 КРС ООО "ИНК-ТКРС" | E58: Vt_5701г | F58: 57 | G58: 46175 | I58: 46185 | J58: 10 | K58: 0 | L58: 240 | M58: 500 | N58: 0 | O58: 0 | P58: 0 | Q58: ТР8-1 | R58: Смена ЭЦН с НЗ | S58: - | W58: Средний
A59: 2 | B59: 10 КРС ООО "ИНК-ТКРС" | E59: Vt_5704вз | F59: 57 | G59: 46185 | I59: 46195 | J59: 10 | K59: 0 | L59: 240 | M59: 1000 | N59: 0 | O59: 0 | P59: 0 | Q59: КР9-1 | R59: подъем ЭЦН спуск компоновки ППД (сброс) | S59: - | W59: Низкий
A60: 2 | B60: 10 КРС ООО "ИНК-ТКРС" | E60: Ic_б/н | G60: 46195 | I60: 46205 | J60: 10 | K60: 0 | L60: 240 | M60: 0 | N60: 0 | O60: 0 | Q60: ТР5-1 | R60: смена ЭЦН на отказной скважине | S60: - | W60: нет в перечне
A61: 2 | B61: 10 КРС ООО "ИНК-ТКРС" | E61: Vt_б/н | G61: 46205 | I61: 46213 | J61: 8 | K61: 0 | L61: 192 | M61: 0 | N61: 0 | O61: 0 | Q61: ТР5-1 | R61: Смена ЭЦН на отказной скважине | S61: - | W61: нет в перечне
A62: 2 | B62: 13 КРС ООО "ИНК-ТКРС" | C62: готов | D62: выполняется | E62: Vt_084г | F62: 84 | G62: 46131 | I62: 46145 | J62: 14 | K62: 0 | L62: 336 | M62: 500 | N62: 0 | O62: 0 | P62: 0 | Q62: КР-ОС-7 | R62: нужна бригада со столом ротора. извлечение ЭЦВ и извлечение ЭК с аварийным ЭЦВ+ углубление забой, для подготовки устья | S62: 12.09.2024 | W62: Высокий
A63: 2 | B63: 13 КРС ООО "ИНК-ТКРС" | E63: Ya_520 | F63: 36 | G63: 46145 | I63: 46155 | J63: 10 | K63: 0 | L63: 240 | M63: 1100 | N63: 90 | O63: 91 | P63: 150 | Q63: КР7-2 | R63: ПР к ГРП | S63: - | T63: 46168 | U63: 1 | V63: 46172 | W63: Средний
A64: 2 | B64: 13 КРС ООО "ИНК-ТКРС" | E64: Am_235 | F64: 1 | G64: 46155 | I64: 46163 | J64: 8 | K64: 0 | L64: 192 | M64: 386 | N64: 93 | O64: 16 | P64: 409 | Q64: ТР5-1 | R64: смена ЭЦН, ОТЗ, НЗ + ОПЗ | S64: - | W64: Высокий
A65: 2 | B65: 13 КРС ООО "ИНК-ТКРС" | D65: ож эцн | E65: Am_220 | F65: 1 | G65: 46163 | I65: 46171 | J65: 8 | K65: 0 | L65: 192 | M65: 12 | N65: 10 | O65: 9 | P65: 1032 | Q65: ТР5-1 | R65: до постановки бригады установить антиприхват Смена ЭЦН на отказной скважине | S65: - | W65: Средний
A66: 2 | B66: 13 КРС ООО "ИНК-ТКРС" | D66: ож эцн | E66: Am_221 | F66: 1 | G66: 46171 | I66: 46179 | J66: 8 | K66: 0 | L66: 192 | M66: 38 | N66: 83 | O66: 5 | P66: 1636 | Q66: ТР5-1 | R66: Смена ЭЦН на отказной скважине | S66: - | W66: Низкий
A67: 2 | B67: 13 КРС ООО "ИНК-ТКРС" | C67: готов | E67: Au_9701 | F67: 97 | G67: 46179 | I67: 46195 | J67: 16 | K67: 0 | L67: 384 | M67: 75 | N67: 90 | O67: 6 | P67: 195 | Q67: КР7-2 | R67: ПР к ГРП. Закрытие муфты №3 ключем "Зенит" | S67: 20.10.2024 | T67: 46237 | U67: 1 | V67: 46241 | W67: -
A68: 2 | B68: 13 КРС ООО "ИНК-ТКРС" | E68: Ya_5кпг | F68: 5 | G68: 46195 | I68: 46196 | J68: 1 | K68: 0 | L68: 24 | M68: 200 | N68: 0 | O68: 0 | P68: 0 | Q68: ТР8-1 | R68: ОТЗ, НЗ, Шаблонировка ЭК, спуск ЭЦН | S68: - | W68: нет в перечне
A69: 2 | B69: 13 КРС ООО "ИНК-ТКРС" | E69: Ya_б/н | G69: 46196 | I69: 46204 | J69: 8 | K69: 0 | L69: 192 | M69: 0 | N69: 0 | O69: 0 | Q69: ТР5-1 | R69: смена ЭЦН на отказной скважине | S69: - | W69: нет в перечне
A70: 2 | B70: 13 КРС ООО "ИНК-ТКРС" | E70: Ya_б/н | G70: 46204 | I70: 46212 | J70: 8 | K70: 0 | L70: 192 | M70: 0 | N70: 0 | O70: 0 | Q70: ТР5-1 | R70: смена ЭЦН на отказной скважине | S70: - | W70: нет в перечне
A71: 1 | B71: 16 КРС ООО "ИНК-ТКРС" | C71: готов | D71: выполняется | E71: Mr_1505 | F71: 15 | G71: 46133 | I71: 46144 | J71: 11 | K71: 0 | L71: 264 | M71: 1000 | N71: 0 | O71: 0 | P71: 0 | Q71: КР9-1 | R71: Перевод в ППД. Остановка на ГДИС за 1 сут до постановки ТКРС. Подъем ЭЦН, СПО ПСШ, спуск пакера ППД. Определение приемистости. | S71: 22.12.2025 | W71: средний
A72: 1 | B72: 16 КРС ООО "ИНК-ТКРС" | D72: эцн в налич | E72: Mc_1908 | F72: 19 | G72: 46133 | I72: 46141 | J72: 8 | K72: 0 | L72: 192 | M72: 52 | N72: 10 | O72: 41 | P72: 2000 | Q72: КР-ОС-1 | R72: подъем пакера спуск ЭЦН | S72: 23.03.2026 | W72: высокий
A73: 1 | B73: 16 КРС ООО "ИНК-ТКРС" | E73: Mc_514 | F73: 51 | G73: 46133 | I73: 46143 | J73: 10 | K73: 0 | L73: 240 | M73: 272 | N73: 68 | O73: 76 | P73: 207 | Q73: ТР5-1 | R73: Спуск Y-Tool. | S73: - | W73: средний
A74: 1 | B74: 16 КРС ООО "ИНК-ТКРС" | E74: Mr_1904 | F74: 19 | G74: 46133 | I74: 46141 | J74: 8 | K74: 0 | L74: 192 | M74: 658 | N74: 3 | O74: 496 | P74: 79 | Q74: ТР3-2 | R74: Оптимизация | S74: 17.01.2025 | W74: высокий
A75: 1 | B75: 16 КРС ООО "ИНК-ТКРС" | E75: Mc_514 | F75: 51 | G75: 46133 | I75: 46148 | J75: 15 | K75: 0 | L75: 360 | M75: 272 | N75: 68 | O75: 76 | P75: 207 | Q75: КР1-2.2 | R75: Подъем Y-Tool, по результатам РИР. | S75: - | W75: средний
A76: 1 | B76: 16 КРС ООО "ИНК-ТКРС" | E76: Mc_610 | F76: 6 | G76: 46133 | I76: 46144 | J76: 11 | K76: 0 | L76: 264 | M76: 1000 | N76: 0 | O76: 0 | P76: 0 | Q76: КР9-1 | R76: Остановка на ГДИС за 1 сут до постановки ТКРС. Подъем ЭЦН, СПО ПСШ, спуск пакера ППД. Определение приемистости. | S76: 18.07.2025 | W76: низкий
A77: 1 | B77: 16 КРС ООО "ИНК-ТКРС" | E77: Mc_511 | F77: 51 | G77: 46133 | I77: 46139 | J77: 6 | K77: 0 | L77: 144 | M77: 991 | N77: 0 | O77: 0 | P77: 344 | Q77: КР10-1 | R77: ВПП по результатам ПГИ | S77: - | W77: нет в перечне
A78: 1 | B78: 16 КРС ООО "ИНК-ТКРС" | E78: Mc_609 | F78: 6 | G78: 46133 | I78: 46144 | J78: 11 | K78: 0 | L78: 264 | M78: 1000 | N78: 0 | O78: 0 | P78: 0 | Q78: КР9-1 | R78: Остановка на ГДИС за 1 сут до постановки ТКРС. Подъем ЭЦН, СПО ПСШ, спуск пакера ППД. Определение приемистости. | S78: 03.09.2025 | W78: средний
A79: 1 | B79: 16 КРС ООО "ИНК-ТКРС" | E79: Mc_201 | G79: 46133 | I79: 46144 | J79: 11 | K79: 0 | L79: 264 | M79: 130 | N79: 22 | O79: 88 | P79: 315 | Q79: КР7-1 | R79: ОПЗ. Подъем ЭЦН. СПО ПСШ, спуск пакера на середину ГС. ОПЗ по трубкам и затрубу. ОРК. Спуск ЭЦН. | S79: - | W79: средний
A80: 1 | B80: 16 КРС ООО "ИНК-ТКРС" | E80: Mc_210 | F80: 2 | G80: 46133 | I80: 46141 | J80: 8 | K80: 0 | L80: 192 | Q80: ТР11-1 | R80: Подъем ЭЦН, спуск воронки | S80: 12.04.2025 | W80: низкий
A81: 1 | B81: 18 КРС ООО "ИНК-ТКРС" | C81: готов | D81: выполняется | E81: Au_522 | F81: 105 | G81: 46130 | I81: 46135 | J81: 5 | K81: 0 | L81: 120 | M81: 157 | N81: 91 | O81: 12 | P81: 2279 | Q81: ТР5-1 | R81: Смена ЭЦН на отказной скважине | S81: - | W81: Средний
A82: 1 | B82: 18 КРС ООО "ИНК-ТКРС" | C82: готов | D82: эцн в налич | E82: Au_520 | F82: 105 | G82: 46135 | I82: 46143 | J82: 8 | K82: 0 | L82: 192 | M82: 184 | N82: 97 | O82: 5 | P82: 1355 | Q82: ТР5-1 | R82: Смена ЭЦН на отказной скважине | S82: - | W82: Низкий
A83: 1 | B83: 18 КРС ООО "ИНК-ТКРС" | E83: Ya_б/н | G83: 46143 | I83: 46151 | J83: 8 | K83: 0 | L83: 192 | M83: 0 | N83: 0 | O83: 0 | Q83: ТР5-1 | R83: Смена ЭЦН на отказной скважине | S83: - | W83: нет в перечне
A84: 1 | B84: 18 КРС ООО "ИНК-ТКРС" | E84: Ya_б/н | G84: 46151 | I84: 46159 | J84: 8 | K84: 0 | L84: 192 | M84: 0 | N84: 0 | O84: 0 | Q84: ТР5-1 | R84: Смена ЭЦН на отказной скважине | S84: - | W84: нет в перечне
A85: 1 | B85: 18 КРС ООО "ИНК-ТКРС" | D85: ож эцн | E85: Ki_71610г | F85: 716 | G85: 46159 | I85: 46167 | J85: 8 | K85: 0 | L85: 192 | N85: 0 | O85: 0 | P85: 0 | Q85: КР-ОС-7 | R85: спуск ЭЦН, испытание | S85: 20.07.2025 | W85: КРС
A86: 1 | B86: 18 КРС ООО "ИНК-ТКРС" | D86: ож эцн | E86: Ya_029вз | F86: 29 | G86: 46167 | I86: 46170 | J86: 3 | K86: 0 | L86: 72 | M86: 800 | N86: 0 | O86: 20 | P86: 0 | Q86: ТР8-1 | R86: смена ЭЦН (деоптимизация) | S86: - | W86: КРС
A87: 1 | B87: 18 КРС ООО "ИНК-ТКРС" | E87: Ya_101 | F87: 4 | G87: 46170 | I87: 46180 | J87: 10 | K87: 0 | L87: 240 | M87: 250 | N87: 98 | O87: 17 | P87: 548 | Q87: КР7-2 | R87: ПР к ГРП | S87: - | T87: 46180 | U87: 1 | V87: 46184 | W87: Средний
A88: 1 | B88: 18 КРС ООО "ИНК-ТКРС" | D88: ож эцн | E88: Az_8802г | F88: 88 | G88: 46180 | I88: 46183 | J88: 3 | K88: 0 | L88: 72 | M88: 200 | N88: 0 | O88: 10 | P88: 0 | Q88: ТР8-1 | R88: ВБД | S88: - | W88: КРС
A89: 1 | B89: 18 КРС ООО "ИНК-ТКРС" | E89: Ya_027вз | G89: 46183 | I89: 46193 | J89: 10 | K89: 0 | L89: 240 | M89: 4000 | N89: 0 | O89: 0 | P89: 0 | Q89: КР10-1 | R89: Прочие ГТМ ППД | S89: - | W89: КРС
A90: 1 | B90: 18 КРС ООО "ИНК-ТКРС" | E90: Ya_310вз | G90: 46193 | I90: 46203 | J90: 10 | K90: 0 | L90: 240 | M90: 4000 | N90: 0 | O90: 0 | P90: 0 | Q90: КР10-1 | R90: Прочие ГТМ ППД | S90: - | W90: КРС
A91: 1 | B91: 18 КРС ООО "ИНК-ТКРС" | E91: Ya_0402г | F91: 4 | G91: 46203 | I91: 46206 | J91: 3 | K91: 0 | L91: 72 | M91: 1000 | N91: 0 | O91: 0 | P91: 0 | Q91: КР11-2 | R91: расконсервация | S91: - | W91: КРС
A92: 1 | B92: 18 КРС ООО "ИНК-ТКРС" | E92: Ki_4702 | F92: 47 | G92: 46206 | I92: 46216 | J92: 10 | K92: 0 | L92: 240 | M92: 1000 | P92: 4113 | Q92: КР7-2 | R92: ЗР ГРП | S92: 18.01.2025 | T92: 46252 | U92: 2 | V92: 46258 | W92: -
A93: 1 | B93: 19 КРС ООО "ИНК-ТКРС" | D93: выполняется | E93: Au_092 | F93: 5 | G93: 46130 | I93: 46138 | J93: 8 | K93: 0 | L93: 192 | M93: 313 | N93: 94 | O93: 17 | P93: 177 | Q93: ТР5-1 | R93: смена на МТР | S93: - | W93: -
A94: 1 | B94: 19 КРС ООО "ИНК-ТКРС" | C94: готов | D94: эцн в поставках | E94: Vt_5109 | F94: 51 | G94: 46138 | I94: 46158 | J94: 20 | K94: 0 | L94: 480 | M94: 342 | N94: 54 | O94: 129 | P94: 819 | Q94: КР3-1.1 | R94: ЛА, (Отвернули НКТ. Произвели извлечение запыжованного кабеля) Разбуривание МГРП, ПВР и ОПЗ. ГИС МДСТ в ЭК 178мм | S94: - | W94: -
A95: 1 | B95: 19 КРС ООО "ИНК-ТКРС" | E95: Vt_б/н | G95: 46158 | I95: 46166 | J95: 8 | K95: 0 | L95: 192 | M95: 0 | N95: 0 | O95: 0 | Q95: ТР5-1 | R95: Смена ЭЦН на отказной скважине | S95: - | W95: нет в перечне
A96: 1 | B96: 19 КРС ООО "ИНК-ТКРС" | E96: Vt_б/н | G96: 46166 | I96: 46174 | J96: 8 | K96: 0 | L96: 192 | M96: 0 | N96: 0 | O96: 0 | Q96: ТР5-1 | R96: Смена ЭЦН на отказной скважине | S96: - | W96: нет в перечне
A97: 1 | B97: 19 КРС ООО "ИНК-ТКРС" | E97: Vt_б/н | G97: 46174 | I97: 46182 | J97: 8 | K97: 0 | L97: 192 | M97: 0 | N97: 0 | O97: 0 | Q97: ТР5-1 | R97: Смена ЭЦН на отказной скважине | S97: - | W97: нет в перечне
A98: 1 | B98: 19 КРС ООО "ИНК-ТКРС" | E98: Vt_б/н | G98: 46182 | I98: 46190 | J98: 8 | K98: 0 | L98: 192 | M98: 0 | N98: 0 | O98: 0 | Q98: ТР5-1 | R98: Смена ЭЦН на отказной скважине | S98: - | W98: нет в перечне
A99: 1 | B99: 19 КРС ООО "ИНК-ТКРС" | E99: Vt_б/н | G99: 46190 | I99: 46198 | J99: 8 | K99: 0 | L99: 192 | M99: 0 | N99: 0 | O99: 0 | Q99: ТР5-1 | R99: Смена ЭЦН на отказной скважине | S99: - | W99: нет в перечне
A100: 1 | B100: 19 КРС ООО "ИНК-ТКРС" | E100: Vt_б/н | G100: 46198 | I100: 46206 | J100: 8 | K100: 0 | L100: 192 | M100: 0 | N100: 0 | O100: 0 | Q100: ТР5-1 | R100: Смена ЭЦН на отказной скважине | S100: - | W100: нет в перечне
...

Sheet Недельный график ТКРС
A1: ЦДНГ | B1: Бригада | C1: Скв | D1: Куст | E1: дата начала (план) | F1: заверш рем (план) | G1: Продолжительность | H1: Qж/Qг, м3/сут | I1: Н2О, % | J1: Qн, тн/сут | K1: вид КР | L1: Планируемый объем работ | M1: Дата выхода их бурения | N1: начГРП | O1: стадий ГРП | P1: заверш ГРП
A2: запад | B2: 33 КРС ООО "ИНК-ТКРС" | C2: Vt_8811 | D2: 88 | E2: 46080 | F2: 46090 | G2: 240 | H2: 287 | I2: 35 | J2: 151 | K2: КР-ОС-6 | L2: отработка , спуск ЭЦН. | M2: 10.02.2026 | S2: =_xlfn.XLOOKUP(Недельный_график_ТКРС[[#This Row],[Скв]],'Каталог мероприятий'!A:A,'Каталог мероприятий'!N:N,"нет карточки") -> ООО "ИНК-ТКРС" | T2: =_xlfn.XLOOKUP(Недельный_график_ТКРС[[#This Row],[Скв]],'Каталог мероприятий'!A:A,'Каталог мероприятий'!O:O,"нет карточки") -> Бригада КГРП | U2: =_xlfn.XLOOKUP(Недельный_график_ТКРС[[#This Row],[Скв]],'Каталог мероприятий'!A:A,'Каталог мероприятий'!Q:Q) -> КР-ОС-8
A3: запад | B3: 31 КРС ООО "ИНК-ТКРС" | C3: Btw_1608рс | D3: 16 | E3: 46074 | F3: 46094 | G3: 480 | H3: 240 | I3: 0 | J3: 0 | K3: КР13-13 | L3: Разбуривание портов, с полным поглощением, после ГРП. ГИС под закачкой на ГНКТ (ОПП). | M3: - | S3: =_xlfn.XLOOKUP(Недельный_график_ТКРС[[#This Row],[Скв]],'Каталог мероприятий'!A:A,'Каталог мероприятий'!N:N,"нет карточки") -> нет карточки | T3: =_xlfn.XLOOKUP(Недельный_график_ТКРС[[#This Row],[Скв]],'Каталог мероприятий'!A:A,'Каталог мероприятий'!O:O,"нет карточки") -> нет карточки | U3: =_xlfn.XLOOKUP(Недельный_график_ТКРС[[#This Row],[Скв]],'Каталог мероприятий'!A:A,'Каталог мероприятий'!Q:Q) -> #N/A
A4: запад | B4: Бригада КГРП ООО "ИНК-ТКРС" | C4: Vt_8809 | D4: 88 | E4: 46083 | F4: 46089 | G4: 144 | H4: 180 | I4: 70 | J4: 44 | K4: КР7-1 | L4: ОПЗ водой 300 м3 | M4: - | S4: =_xlfn.XLOOKUP(Недельный_график_ТКРС[[#This Row],[Скв]],'Каталог мероприятий'!A:A,'Каталог мероприятий'!N:N,"нет карточки") -> нет карточки | T4: =_xlfn.XLOOKUP(Недельный_график_ТКРС[[#This Row],[Скв]],'Каталог мероприятий'!A:A,'Каталог мероприятий'!O:O,"нет карточки") -> нет карточки | U4: =_xlfn.XLOOKUP(Недельный_график_ТКРС[[#This Row],[Скв]],'Каталог мероприятий'!A:A,'Каталог мероприятий'!Q:Q) -> #N/A
A5: запад | B5: Звено ОС №3 ООО "ИНК-ТКРС" | C5: Bt_1505 | D5: 15 | E5: 46083 | F5: 46093 | G5: 240 | H5: 221 | I5: 1 | J5: 177 | K5: КР-ОС-6 | L5: отработка после ГРП | M5: - | N5: 46065 | O5: 4 | P5: 46074 | S5: =_xlfn.XLOOKUP(Недельный_график_ТКРС[[#This Row],[Скв]],'Каталог мероприятий'!A:A,'Каталог мероприятий'!N:N,"нет карточки") -> нет карточки | T5: =_xlfn.XLOOKUP(Недельный_график_ТКРС[[#This Row],[Скв]],'Каталог мероприятий'!A:A,'Каталог мероприятий'!O:O,"нет карточки") -> нет карточки | U5: =_xlfn.XLOOKUP(Недельный_график_ТКРС[[#This Row],[Скв]],'Каталог мероприятий'!A:A,'Каталог мероприятий'!Q:Q) -> #N/A
A6: запад | B6: 15 ГНКТ ООО "ИНК-ТКРС" | C6: Vt_8709 | D6: 87 | E6: 46083 | F6: 46086 | G6: 72 | H6: 383 | I6: 45 | J6: 173 | K6: КР13-1.3НТ | L6: ВЦ НКТ | M6: - | S6: =_xlfn.XLOOKUP(Недельный_график_ТКРС[[#This Row],[Скв]],'Каталог мероприятий'!A:A,'Каталог мероприятий'!N:N,"нет карточки") -> ООО "ИНК-ТКРС" | T6: =_xlfn.XLOOKUP(Недельный_график_ТКРС[[#This Row],[Скв]],'Каталог мероприятий'!A:A,'Каталог мероприятий'!O:O,"нет карточки") -> 5 | U6: =_xlfn.XLOOKUP(Недельный_график_ТКРС[[#This Row],[Скв]],'Каталог мероприятий'!A:A,'Каталог мероприятий'!Q:Q) -> ТР13-2
A7: запад | B7: 13 КРС ООО "ИНК-ТКРС" | C7: Vt_5109 | D7: 51 | E7: 46080 | F7: 46110 | G7: 720 | H7: 321 | I7: 46 | J7: 185 | K7: КР3-1 | L7: ЛА, (Отвернули НКТ. Произвели извлечение запыжованного кабеля) Разбуривание МГРП, ПВР и ОПЗ. | M7: - | S7: =_xlfn.XLOOKUP(Недельный_график_ТКРС[[#This Row],[Скв]],'Каталог мероприятий'!A:A,'Каталог мероприятий'!N:N,"нет карточки") -> ООО "ИНК-ТКРС" | T7: =_xlfn.XLOOKUP(Недельный_график_ТКРС[[#This Row],[Скв]],'Каталог мероприятий'!A:A,'Каталог мероприятий'!O:O,"нет карточки") -> 13 | U7: =_xlfn.XLOOKUP(Недельный_график_ТКРС[[#This Row],[Скв]],'Каталог мероприятий'!A:A,'Каталог мероприятий'!Q:Q) -> КР13-2
A8: запад | B8: 6 КРС ООО "ИНК-ТКРС" | C8: Bt_1501 | D8: 15 | E8: 46080 | F8: 46094 | G8: 336 | H8: 405 | I8: 0 | J8: 331 | K8: КР13-2 | L8: Подъем воронки, разбуривание МГРП, НЗ и ОПЗ, спуск ЭЦН. | M8: - | S8: =_xlfn.XLOOKUP(Недельный_график_ТКРС[[#This Row],[Скв]],'Каталог мероприятий'!A:A,'Каталог мероприятий'!N:N,"нет карточки") -> ООО "ИНК-ТКРС" | T8: =_xlfn.XLOOKUP(Недельный_график_ТКРС[[#This Row],[Скв]],'Каталог мероприятий'!A:A,'Каталог мероприятий'!O:O,"нет карточки") -> 5 | U8: =_xlfn.XLOOKUP(Недельный_график_ТКРС[[#This Row],[Скв]],'Каталог мероприятий'!A:A,'Каталог мероприятий'!Q:Q) -> ТР14-1.2
A9: запад | B9: 6 КРС ООО "ИНК-ТКРС" | C9: Vt_089г | D9: 89 | E9: 46076 | F9: 46080 | G9: 96 | H9: 200 | I9: 0 | J9: 0 | K9: ТР8-1 | L9: Спуск ЭЦН с автокрана | M9: - | S9: =_xlfn.XLOOKUP(Недельный_график_ТКРС[[#This Row],[Скв]],'Каталог мероприятий'!A:A,'Каталог мероприятий'!N:N,"нет карточки") -> ООО "ИНК-ТКРС" | T9: =_xlfn.XLOOKUP(Недельный_график_ТКРС[[#This Row],[Скв]],'Каталог мероприятий'!A:A,'Каталог мероприятий'!O:O,"нет карточки") -> 0 | U9: =_xlfn.XLOOKUP(Недельный_график_ТКРС[[#This Row],[Скв]],'Каталог мероприятий'!A:A,'Каталог мероприятий'!Q:Q) -> ТР8-1
A10: север | B10: 27 КРС ООО "ИНК-ТКРС" | C10: Mr_1506 | D10: 15 | E10: 46074 | F10: 46095 | G10: 504 | H10: 1000 | I10: 0 | J10: 0 | K10: КР10-1 | L10: Подъем пакера ППД, открываем все порты. Спуск 2-х ПО, ОП всех портов и заколонного пакера на гл.3409м. По результатам ОП предусмотреть, открытие портов и ОПЗ по 10м3 12% HCl на порт. Спуск пакера ППД. | M10: - | S10: =_xlfn.XLOOKUP(Недельный_график_ТКРС[[#This Row],[Скв]],'Каталог мероприятий'!A:A,'Каталог мероприятий'!N:N,"нет карточки") -> ООО "ИНК-ТКРС" | T10: =_xlfn.XLOOKUP(Недельный_график_ТКРС[[#This Row],[Скв]],'Каталог мероприятий'!A:A,'Каталог мероприятий'!O:O,"нет карточки") -> 0 | U10: =_xlfn.XLOOKUP(Недельный_график_ТКРС[[#This Row],[Скв]],'Каталог мероприятий'!A:A,'Каталог мероприятий'!Q:Q) -> КР10-1
A11: центр | B11: 6 Андижон ООО "АндижонНГКТваБ"-Русь" | C11: Au_011вз | D11: 2 | E11: 46083 | F11: 46087 | G11: 96 | H11: 0 | I11: 0 | J11: 0 | K11: ТР11-1 | L11: Извлечение ЭЦН | M11: - | S11: =_xlfn.XLOOKUP(Недельный_график_ТКРС[[#This Row],[Скв]],'Каталог мероприятий'!A:A,'Каталог мероприятий'!N:N,"нет карточки") -> нет карточки | T11: =_xlfn.XLOOKUP(Недельный_график_ТКРС[[#This Row],[Скв]],'Каталог мероприятий'!A:A,'Каталог мероприятий'!O:O,"нет карточки") -> нет карточки | U11: =_xlfn.XLOOKUP(Недельный_график_ТКРС[[#This Row],[Скв]],'Каталог мероприятий'!A:A,'Каталог мероприятий'!Q:Q) -> #N/A
A12: центр | B12: 7 Андижон ООО "АндижонНГКТваБ"-Русь" | C12: Au_447 | D12: 91 | E12: 46082 | F12: 46091 | G12: 216 | H12: 14 | I12: 1 | J12: 12 | K12: ТР5-1 | L12: Смена ЭЦН на отказной скважине | M12: - | S12: =_xlfn.XLOOKUP(Недельный_график_ТКРС[[#This Row],[Скв]],'Каталог мероприятий'!A:A,'Каталог мероприятий'!N:N,"нет карточки") -> ООО "Андижон" | T12: =_xlfn.XLOOKUP(Недельный_график_ТКРС[[#This Row],[Скв]],'Каталог мероприятий'!A:A,'Каталог мероприятий'!O:O,"нет карточки") -> 5 | U12: =_xlfn.XLOOKUP(Недельный_график_ТКРС[[#This Row],[Скв]],'Каталог мероприятий'!A:A,'Каталог мероприятий'!Q:Q) -> ТР13-2
A13: центр | B13: 2 Андижон ООО "АндижонНГКТваБ"-Русь" | C13: Ya_180 | D13: 18 | E13: 46081 | F13: 46088 | G13: 168 | H13: 280 | I13: 93 | J13: 16 | K13: КР7-1 | L13: НЗ ОПЗ на отказной скважине | M13: - | S13: =_xlfn.XLOOKUP(Недельный_график_ТКРС[[#This Row],[Скв]],'Каталог мероприятий'!A:A,'Каталог мероприятий'!N:N,"нет карточки") -> ООО "Андижон" | T13: =_xlfn.XLOOKUP(Недельный_график_ТКРС[[#This Row],[Скв]],'Каталог мероприятий'!A:A,'Каталог мероприятий'!O:O,"нет карточки") -> 0 | U13: =_xlfn.XLOOKUP(Недельный_график_ТКРС[[#This Row],[Скв]],'Каталог мероприятий'!A:A,'Каталог мероприятий'!Q:Q) -> КР7-1
A14: центр | B14: Звено ОС №1 ООО "ИНК-ТКРС" | C14: Ki_4501 | D14: 45 | E14: 46076 | F14: 46090 | G14: 336 | H14: 548 | I14: 90 | J14: 46 | K14: КР-ОС-6 | L14: отработка ЭЦНом 7 суток | M14: Пробурена | S14: =_xlfn.XLOOKUP(Недельный_график_ТКРС[[#This Row],[Скв]],'Каталог мероприятий'!A:A,'Каталог мероприятий'!N:N,"нет карточки") -> ООО "ИНК-ТКРС" | T14: =_xlfn.XLOOKUP(Недельный_график_ТКРС[[#This Row],[Скв]],'Каталог мероприятий'!A:A,'Каталог мероприятий'!O:O,"нет карточки") -> 18 | U14: =_xlfn.XLOOKUP(Недельный_график_ТКРС[[#This Row],[Скв]],'Каталог мероприятий'!A:A,'Каталог мероприятий'!Q:Q) -> КР-ОС-6
A15: центр | B15: 39 ГНКТ ООО "ИНК-ТКРС" | C15: Ki_4706 | D15: 47 | E15: 46082 | F15: 46092 | G15: 240 | H15: 250 | I15: 20 | J15: 166 | K15: КР13-2НТ | L15: НЗ - промывка после СТОП Ставить только КРС-39 нужна БДТ 50,8 (комбинированная), ТЗ по скважине 5800м. НЗ до МГРП-5 Н=4238м | M15: Пробурена | N15: 46089 | O15: 3 | P15: 46095 | S15: =_xlfn.XLOOKUP(Недельный_график_ТКРС[[#This Row],[Скв]],'Каталог мероприятий'!A:A,'Каталог мероприятий'!N:N,"нет карточки") -> ООО "ИНК-ТКРС" | T15: =_xlfn.XLOOKUP(Недельный_график_ТКРС[[#This Row],[Скв]],'Каталог мероприятий'!A:A,'Каталог мероприятий'!O:O,"нет карточки") -> 0 | U15: =_xlfn.XLOOKUP(Недельный_график_ТКРС[[#This Row],[Скв]],'Каталог мероприятий'!A:A,'Каталог мероприятий'!Q:Q) -> КР13-2НТ А
A16: центр | B16: 36 КРС ООО "ИНК-ТКРС" | C16: Msh_3703 | D16: 37 | E16: 46080 | F16: 46091 | G16: 264 | H16: 800 | I16: 0 | J16: 22 | K16: КР9-1 | L16: перевод в ППД | M16: - | S16: =_xlfn.XLOOKUP(Недельный_график_ТКРС[[#This Row],[Скв]],'Каталог мероприятий'!A:A,'Каталог мероприятий'!N:N,"нет карточки") -> ООО "ИНК-ТКРС" | T16: =_xlfn.XLOOKUP(Недельный_график_ТКРС[[#This Row],[Скв]],'Каталог мероприятий'!A:A,'Каталог мероприятий'!O:O,"нет карточки") -> 0 | U16: =_xlfn.XLOOKUP(Недельный_график_ТКРС[[#This Row],[Скв]],'Каталог мероприятий'!A:A,'Каталог мероприятий'!Q:Q) -> КР7-16
A17: центр | B17: 18 КРС ООО "ИНК-ТКРС" | C17: Au_369 | D17: 93 | E17: 46074 | F17: 46083 | G17: 216 | H17: 62 | I17: 2 | J17: 50 | K17: ТР5-1 | L17: Смена ЭЦН на отказной скважине | M17: - | S17: =_xlfn.XLOOKUP(Недельный_график_ТКРС[[#This Row],[Скв]],'Каталог мероприятий'!A:A,'Каталог мероприятий'!N:N,"нет карточки") -> нет карточки | T17: =_xlfn.XLOOKUP(Недельный_график_ТКРС[[#This Row],[Скв]],'Каталог мероприятий'!A:A,'Каталог мероприятий'!O:O,"нет карточки") -> нет карточки | U17: =_xlfn.XLOOKUP(Недельный_график_ТКРС[[#This Row],[Скв]],'Каталог мероприятий'!A:A,'Каталог мероприятий'!Q:Q) -> #N/A
A18: центр | B18: 18 КРС ООО "ИНК-ТКРС" | C18: Au_24403 | D18: 244 | E18: 46083 | F18: 46095 | G18: 288 | H18: 161 | I18: 62 | J18: 50 | K18: КР-ОС-4 | L18: ЗР ГРП, спуск ЭЦН, отработка ЭЦНом | M18: 04.12.2025 | O18: 1 | P18: 46064 | S18: =_xlfn.XLOOKUP(Недельный_график_ТКРС[[#This Row],[Скв]],'Каталог мероприятий'!A:A,'Каталог мероприятий'!N:N,"нет карточки") -> нет карточки | T18: =_xlfn.XLOOKUP(Недельный_график_ТКРС[[#This Row],[Скв]],'Каталог мероприятий'!A:A,'Каталог мероприятий'!O:O,"нет карточки") -> нет карточки | U18: =_xlfn.XLOOKUP(Недельный_график_ТКРС[[#This Row],[Скв]],'Каталог мероприятий'!A:A,'Каталог мероприятий'!Q:Q) -> #N/A
A19: центр | B19: 1 Андижон ООО "АндижонНГКТваБ"-Русь" | C19: Yaw_5604рс | D19: 56 | E19: 46082 | F19: 46091 | G19: 216 | H19: 0 | I19: 0 | J19: 0 | K19: ТР5-1 | L19: Смена ЭЦН на отказной скважине + ГИС (ИНГКС + СО + плотность и проводимость) 1560-2290м (спуск капилярной трубки) | M19: - | S19: =_xlfn.XLOOKUP(Недельный_график_ТКРС[[#This Row],[Скв]],'Каталог мероприятий'!A:A,'Каталог мероприятий'!N:N,"нет карточки") -> ООО "Андижон" | T19: =_xlfn.XLOOKUP(Недельный_график_ТКРС[[#This Row],[Скв]],'Каталог мероприятий'!A:A,'Каталог мероприятий'!O:O,"нет карточки") -> 0 | U19: =_xlfn.XLOOKUP(Недельный_график_ТКРС[[#This Row],[Скв]],'Каталог мероприятий'!A:A,'Каталог мероприятий'!Q:Q) -> ТР5-1
A20: центр | B20: 5 Андижон ООО "АндижонНГКТваБ"-Русь" | C20: Ya_242 | D20: 10 | E20: 46080 | F20: 46091 | G20: 264 | H20: 25 | I20: 6 | J20: 20 | K20: ТР5-1 | L20: Смена ЭЦН на отказной скважине + ПСШ, НЗ | M20: - | S20: =_xlfn.XLOOKUP(Недельный_график_ТКРС[[#This Row],[Скв]],'Каталог мероприятий'!A:A,'Каталог мероприятий'!N:N,"нет карточки") -> ООО "ИНК-ТКРС" | T20: =_xlfn.XLOOKUP(Недельный_график_ТКРС[[#This Row],[Скв]],'Каталог мероприятий'!A:A,'Каталог мероприятий'!O:O,"нет карточки") -> 0 | U20: =_xlfn.XLOOKUP(Недельный_график_ТКРС[[#This Row],[Скв]],'Каталог мероприятий'!A:A,'Каталог мероприятий'!Q:Q) -> ТР5-1
A21: центр | B21: 4 Андижон ООО "АндижонНГКТваБ"-Русь" | C21: Az_333 | D21: 82 | E21: 46083 | F21: 46092 | G21: 216 | H21: 76 | I21: 71 | J21: 18 | K21: ТР5-1 | L21: Смена ЭЦН на отказной скважине | M21: - | S21: =_xlfn.XLOOKUP(Недельный_график_ТКРС[[#This Row],[Скв]],'Каталог мероприятий'!A:A,'Каталог мероприятий'!N:N,"нет карточки") -> ООО "ИНК-ТКРС" | T21: =_xlfn.XLOOKUP(Недельный_график_ТКРС[[#This Row],[Скв]],'Каталог мероприятий'!A:A,'Каталог мероприятий'!O:O,"нет карточки") -> 28 | U21: =_xlfn.XLOOKUP(Недельный_график_ТКРС[[#This Row],[Скв]],'Каталог мероприятий'!A:A,'Каталог мероприятий'!Q:Q) -> ТР5-1
A22: центр | B22: 3 Андижон ООО "АндижонНГКТваБ"-Русь" | C22: Ya_212 | D22: 18 | E22: 46083 | F22: 46098 | G22: 360 | H22: 87 | I22: 50 | J22: 36 | K22: КР7-2 | L22: ПР к ГРП Vt; ГРП Vt; | M22: - | N22: 46102 | O22: 1 | P22: 46104 | S22: =_xlfn.XLOOKUP(Недельный_график_ТКРС[[#This Row],[Скв]],'Каталог мероприятий'!A:A,'Каталог мероприятий'!N:N,"нет карточки") -> нет карточки | T22: =_xlfn.XLOOKUP(Недельный_график_ТКРС[[#This Row],[Скв]],'Каталог мероприятий'!A:A,'Каталог мероприятий'!O:O,"нет карточки") -> нет карточки | U22: =_xlfn.XLOOKUP(Недельный_график_ТКРС[[#This Row],[Скв]],'Каталог мероприятий'!A:A,'Каталог мероприятий'!Q:Q) -> #N/A
S23: =_xlfn.XLOOKUP(Недельный_график_ТКРС[[#This Row],[Скв]],'Каталог мероприятий'!A:A,'Каталог мероприятий'!N:N,"нет карточки") -> #VALUE! | T23: =_xlfn.XLOOKUP(Недельный_график_ТКРС[[#This Row],[Скв]],'Каталог мероприятий'!A:A,'Каталог мероприятий'!O:O,"нет карточки") -> #VALUE! | U23: =_xlfn.XLOOKUP(Недельный_график_ТКРС[[#This Row],[Скв]],'Каталог мероприятий'!A:A,'Каталог мероприятий'!Q:Q) -> #VALUE!
S24: =_xlfn.XLOOKUP(Недельный_график_ТКРС[[#This Row],[Скв]],'Каталог мероприятий'!A:A,'Каталог мероприятий'!N:N,"нет карточки") -> #VALUE! | T24: =_xlfn.XLOOKUP(Недельный_график_ТКРС[[#This Row],[Скв]],'Каталог мероприятий'!A:A,'Каталог мероприятий'!O:O,"нет карточки") -> #VALUE! | U24: =_xlfn.XLOOKUP(Недельный_график_ТКРС[[#This Row],[Скв]],'Каталог мероприятий'!A:A,'Каталог мероприятий'!Q:Q) -> #VALUE!
S25: =_xlfn.XLOOKUP(Недельный_график_ТКРС[[#This Row],[Скв]],'Каталог мероприятий'!A:A,'Каталог мероприятий'!N:N,"нет карточки") -> #VALUE! | T25: =_xlfn.XLOOKUP(Недельный_график_ТКРС[[#This Row],[Скв]],'Каталог мероприятий'!A:A,'Каталог мероприятий'!O:O,"нет карточки") -> #VALUE! | U25: =_xlfn.XLOOKUP(Недельный_график_ТКРС[[#This Row],[Скв]],'Каталог мероприятий'!A:A,'Каталог мероприятий'!Q:Q) -> #VALUE!
S26: =_xlfn.XLOOKUP(Недельный_график_ТКРС[[#This Row],[Скв]],'Каталог мероприятий'!A:A,'Каталог мероприятий'!N:N,"нет карточки") -> #VALUE! | T26: =_xlfn.XLOOKUP(Недельный_график_ТКРС[[#This Row],[Скв]],'Каталог мероприятий'!A:A,'Каталог мероприятий'!O:O,"нет карточки") -> #VALUE! | U26: =_xlfn.XLOOKUP(Недельный_график_ТКРС[[#This Row],[Скв]],'Каталог мероприятий'!A:A,'Каталог мероприятий'!Q:Q) -> #VALUE!
S27: =_xlfn.XLOOKUP(Недельный_график_ТКРС[[#This Row],[Скв]],'Каталог мероприятий'!A:A,'Каталог мероприятий'!N:N,"нет карточки") -> #VALUE! | T27: =_xlfn.XLOOKUP(Недельный_график_ТКРС[[#This Row],[Скв]],'Каталог мероприятий'!A:A,'Каталог мероприятий'!O:O,"нет карточки") -> #VALUE! | U27: =_xlfn.XLOOKUP(Недельный_график_ТКРС[[#This Row],[Скв]],'Каталог мероприятий'!A:A,'Каталог мероприятий'!Q:Q) -> #VALUE!

Sheet Лист2

Sheet лист1

Sheet Каталог мероприятий
A1: Скважина | N1: Мероприятие | AS1: Результаты по дебиту | BD1: Дата (план)
N2: Исполнитель | W2: Дата (факт) | Z2: Продолжительность | AF2: Документы | AJ2: Статусы | AQ2: Затраты | AS2: Режим | AV2: На начало ремонта (зам.) | AZ2: Ожидаемые
A3: Инвентарный номер | B3: Номер | C3: Куст | D3: Месторождение | E3: НГДУ | F3: Участок недр | G3: Цех | H3: Состояние по фонду | I3: Способ эксплуатации до ремонта | J3: Площадь | K3: ЦИТС | L3: Недропользователь | N3: Подрядчик | O3: Бригада | P3: Тип мероприятия | Q3: Код мероприятия | R3: Примечания | S3: Способ эксплуатации после ремонта | T3: Сущ. категория | U3: Вид затрат | V3: Направление | W3: Начало мероприятия | X3: Конец мероприятия | Y3: Дата запуска по фонду | Z3: Календарное время по ремонту (ч) | AA3: Отработанное время по ремонту (ч) | AB3: Нормативное время по ремонту (ч) | AC3: Метео | AD3: Простои | AE3: Производительное время по ремонту (ч) | AF3: План работ/Наряд-заказ | AG3: Дизайн | AH3: Протокол | AI3: Акт | AJ3: Наряд-заказ | AK3: План работ | AL3: Дизайн | AM3: Протокол | AN3: Акт | AO3: Месяц подписания | AP3: Системный номер | AQ3: Ремонт (руб.) | AR3: Итого затрат (руб.) | AS3: Qн | AT3: Qж | AU3: %H2O | AV3: Qн | AW3: Qж | AX3: %H2O | AY3: Приемистость | AZ3: Qн | BA3: Qж | BB3: %H2O | BC3: Приемистость | BD3: Начало мероприятия | BE3: Конец мероприятия
A4: Ma_001г | B4: 001г | D4: Марковское | E4: Иркутская нефтяная компания | G4: ЦДНГ-1 | I4: ЭЦН | L4: ООО "ИНК" | N4: ООО "ИНК-ТКРС" | P4: КР | Q4: КР11-1 | R4: Консервация скважины | T4: вдз | W4: 0 | X4: 0 | Y4: 0 | Z4: 0 | AA4: 0 | AB4: 0 | AC4: 0 | AD4: 0 | AE4: 0 | AF4: True | AG4: False | AH4: False | AI4: False | AJ4: Макет | AK4: Макет | AN4: нет актов | AO4: декабрь | AQ4: 0 | AR4: 0 | AS4: 0 | AT4: 0 | AU4: 0 | AV4: 0 | AW4: 0 | AX4: 0 | AY4: 0 | AZ4: 0 | BA4: 0 | BB4: 0 | BC4: 0 | BD4: 46063 | BE4: 46068
A5: Ma_002укпг | B5: 002укпг | D5: Марковское | E5: Иркутская нефтяная компания | G5: ЦДНГ-1 | I5: ЭЦН | N5: ООО "ИНК-ТКРС" | P5: КР | Q5: КР13-13 | R5: Подъём ЭЦВ, Подъём ЭК, Проработка, Спуск ЭК, Спукс ЭЦВ | T5: вдз | W5: 0 | X5: 0 | Y5: 0 | Z5: 0 | AA5: 0 | AB5: 0 | AC5: 0 | AD5: 0 | AE5: 0 | AF5: True | AG5: False | AH5: False | AI5: False | AJ5: Макет | AK5: Макет | AN5: нет актов | AO5: декабрь | AQ5: 0 | AR5: 0 | AS5: 0 | AT5: 0 | AU5: 0 | AV5: 0 | AW5: 0 | AX5: 0 | AY5: 0 | AZ5: 0 | BA5: 0 | BB5: 0 | BC5: 0 | BD5: 46064 | BE5: 46074
A6: Mc_005A | B6: 005A | D6: Маччобинское | E6: Иркутская нефтяная компания | G6: ЦДНГ-1 | L6: ООО "Саханефть" | N6: ООО "ИНК-ТКРС" | O6: Звено подготовки скважин (МаччНГКМ) | P6: ТР | Q6: ТР00-6 | R6: Раскладка кабельной продукции на БУОС-2 | W6: 46064.333 | X6: 46064.833 | Y6: 0 | Z6: 12 | AA6: 0 | AB6: 0 | AC6: 0 | AD6: 0 | AE6: 0 | AF6: False | AG6: False | AH6: False | AI6: False | AN6: нет актов | AO6: декабрь | AQ6: 0 | AR6: 0 | AS6: 0 | AT6: 0 | AU6: 0 | AV6: 0 | AW6: 0 | AX6: 0 | AY6: 0 | AZ6: 0 | BA6: 0 | BB6: 0 | BC6: 0 | BD6: 46064 | BE6: 46064
A7: Mc_005A | B7: 005A | D7: Маччобинское | E7: Иркутская нефтяная компания | G7: ЦДНГ-1 | L7: ООО "Саханефть" | N7: ООО "ИНК-ТКРС" | O7: 27 | P7: ТР | Q7: ТР00-6 | R7: КП-4 МаччНГКМ укладка кабельной продукции | W7: 46064.448 | X7: 46064.958 | Y7: 0 | Z7: 12.25 | AA7: 11.23 | AB7: 11.23 | AC7: 0 | AD7: 0 | AE7: 11.23 | AF7: False | AG7: False | AH7: False | AI7: True | AN7: Закрыт | AO7: февраль | AQ7: 256662.32 | AR7: 256662.32 | AS7: 0 | AT7: 0 | AU7: 0 | AV7: 0 | AW7: 0 | AX7: 0 | AY7: 0 | AZ7: 0 | BA7: 0 | BB7: 0 | BC7: 0 | BD7: 46064 | BE7: 46064
A8: Mc_005A | B8: 005A | D8: Маччобинское | E8: Иркутская нефтяная компания | G8: ЦДНГ-1 | L8: ООО "Саханефть" | N8: ООО "ИНК-ТКРС" | O8: Звено подготовки скважин (МаччНГКМ) | P8: ТР | Q8: ТР00-9 | R8: Усиление КРС 37 на переезде на скв 20414 КП 8 МаччНГКМ | W8: 46066.375 | X8: 46067.833 | Y8: 0 | Z8: 35 | AA8: 0 | AB8: 0 | AC8: 0 | AD8: 0 | AE8: 0 | AF8: False | AG8: False | AH8: False | AI8: False | AN8: нет актов | AO8: декабрь | AQ8: 0 | AR8: 0 | AS8: 0 | AT8: 0 | AU8: 0 | AV8: 0 | AW8: 0 | AX8: 0 | AY8: 0 | AZ8: 0 | BA8: 0 | BB8: 0 | BC8: 0 | BD8: 46066 | BE8: 46068
A9: Mc_005A | B9: 005A | D9: Маччобинское | E9: Иркутская нефтяная компания | G9: ЦДНГ-1 | L9: ООО "Саханефть" | N9: ООО "ИНК-ТКРС" | O9: Звено подготовки скважин (МаччНГКМ) | P9: ТР | Q9: ТР00-5 | R9: сборка ВВЛ на скв 20402 | W9: 46069.375 | X9: 46069.833 | Y9: 0 | Z9: 11 | AA9: 0 | AB9: 0 | AC9: 0 | AD9: 0 | AE9: 0 | AF9: False | AG9: False | AH9: False | AI9: False | AN9: нет актов | AO9: декабрь | AQ9: 0 | AR9: 0 | AS9: 0 | AT9: 0 | AU9: 0 | AV9: 0 | AW9: 0 | AX9: 0 | AY9: 0 | AZ9: 0 | BA9: 0 | BB9: 0 | BC9: 0 | BD9: 46069 | BE9: 46070
A10: Mc_005A | B10: 005A | D10: Маччобинское | E10: Иркутская нефтяная компания | G10: ЦДНГ-1 | L10: ООО "Саханефть" | N10: ООО "ИНК-ТКРС" | O10: Звено подготовки скважин (МаччНГКМ) | P10: ТР | Q10: ТР00-6 | R10: Работа на БУОС1 по монтажу обратного клапана. | W10: 46066.042 | X10: 46066.375 | Y10: 0 | Z10: 8 | AA10: 0 | AB10: 0 | AC10: 0 | AD10: 0 | AE10: 0 | AF10: False | AG10: False | AH10: False | AI10: False | AN10: нет актов | AO10: декабрь | AQ10: 0 | AR10: 0 | AS10: 0 | AT10: 0 | AU10: 0 | AV10: 0 | AW10: 0 | AX10: 0 | AY10: 0 | AZ10: 0 | BA10: 0 | BB10: 0 | BC10: 0 | BD10: 46065 | BE10: 46067
A11: Mc_005A | B11: 005A | D11: Маччобинское | E11: Иркутская нефтяная компания | G11: ЦДНГ-1 | L11: ООО "Саханефть" | N11: ООО "ИНК-ТКРС" | O11: Звено подготовки скважин (МаччНГКМ) | P11: ТР | Q11: ТР00-6 | R11: Работа на БУОС-2, ОПЗ на КДМНУ-2 | W11: 46070.375 | X11: 0 | Y11: 0 | Z11: 0 | AA11: 0 | AB11: 0 | AC11: 0 | AD11: 0 | AE11: 0 | AF11: False | AG11: False | AH11: False | AI11: False | AN11: нет актов | AO11: декабрь | AQ11: 0 | AR11: 0 | AS11: 0 | AT11: 0 | AU11: 0 | AV11: 0 | AW11: 0 | AX11: 0 | AY11: 0 | AZ11: 0 | BA11: 0 | BB11: 0 | BC11: 0 | BD11: 46070 | BE11: 46071
A12: Mc_005A | B12: 005A | D12: Маччобинское | E12: Иркутская нефтяная компания | G12: ЦДНГ-1 | L12: ООО "Саханефть" | N12: ООО "ИНК-ТКРС" | O12: Звено подготовки скважин (МаччНГКМ) | P12: ТР | Q12: ТР00-6 | R12: Работы по погрузке и вывозу оборудования и хим. реагентов с КП 6 МаччНГКМ(после ремонта КРС 16). | W12: 46061.875 | X12: 46062.542 | Y12: 0 | Z12: 16 | AA12: 0 | AB12: 0 | AC12: 0 | AD12: 0 | AE12: 0 | AF12: False | AG12: False | AH12: False | AI12: False | AN12: нет актов | AO12: декабрь | AQ12: 0 | AR12: 0 | AS12: 0 | AT12: 0 | AU12: 0 | AV12: 0 | AW12: 0 | AX12: 0 | AY12: 0 | AZ12: 0 | BA12: 0 | BB12: 0 | BC12: 0 | BD12: 46061 | BE12: 46063
A13: Mc_005A | B13: 005A | D13: Маччобинское | E13: Иркутская нефтяная компания | G13: ЦДНГ-1 | L13: ООО "Саханефть" | N13: ООО "ИНК-ТКРС" | O13: 37 | P13: ТР | Q13: ТР00-6 | R13: Работы на БУОС-2 по монтажу печи. | W13: 46054.667 | X13: 46058.375 | Y13: 0 | Z13: 81 | AA13: 74.25 | AB13: 74 | AC13: 34 | AD13: 34 | AE13: 40.25 | AF13: False | AG13: False | AH13: False | AI13: True | AN13: Закрыт | AO13: февраль | AQ13: 1458152.8 | AR13: 1458152.8 | AS13: 0 | AT13: 0 | AU13: 0 | AV13: 0 | AW13: 0 | AX13: 0 | AY13: 0 | AZ13: 0 | BA13: 0 | BB13: 0 | BC13: 0 | BD13: 46054 | BE13: 46060
A14: Mc_005A | B14: 005A | D14: Маччобинское | E14: Иркутская нефтяная компания | G14: ЦДНГ-1 | L14: ООО "Саханефть" | N14: ООО "ИНК-ТКРС" | O14: Звено подготовки скважин (МаччНГКМ) | P14: ТР | Q14: ТР12-1 | R14: БУОС-1 МачНГКМ кислотная обработка. | W14: 46054.5 | X14: 46054.833 | Y14: 0 | Z14: 8 | AA14: 0 | AB14: 0 | AC14: 0 | AD14: 0 | AE14: 0 | AF14: False | AG14: False | AH14: False | AI14: False | AN14: нет актов | AO14: декабрь | AQ14: 0 | AR14: 0 | AS14: 0 | AT14: 0 | AU14: 0 | AV14: 0 | AW14: 0 | AX14: 0 | AY14: 0 | AZ14: 0 | BA14: 0 | BB14: 0 | BC14: 0 | BD14: 46054 | BE14: 46056
A15: Mc_005A | B15: 005A | D15: Маччобинское | E15: Иркутская нефтяная компания | G15: ЦДНГ-1 | L15: ООО "Саханефть" | N15: ООО "ИНК-ТКРС" | O15: Звено подготовки скважин (МаччНГКМ) | P15: ТР | Q15: ТР00-6 | R15: Работы на ЦДТ УВС по прокладке кабеля на КП19 МирнЛУ. | W15: 46055.333 | X15: 46059.208 | Y15: 0 | Z15: 93 | AA15: 0 | AB15: 0 | AC15: 25 | AD15: 25 | AE15: -25 | AF15: False | AG15: False | AH15: False | AI15: False | AN15: нет актов | AO15: декабрь | AQ15: 0 | AR15: 0 | AS15: 0 | AT15: 0 | AU15: 0 | AV15: 0 | AW15: 0 | AX15: 0 | AY15: 0 | AZ15: 0 | BA15: 0 | BB15: 0 | BC15: 0 | BD15: 46055 | BE15: 46059
A16: Mc_005A | B16: 005A | D16: Маччобинское | E16: Иркутская нефтяная компания | G16: ЦДНГ-1 | L16: ООО "Саханефть" | N16: ООО "ИНК-ТКРС" | O16: 27 | P16: ТР | Q16: ТР00-6 | R16: Размотку кабельной продукции для запуска скв.1515. Расчистка площадки обслуживания СУ от снега на КП-15, 17 МаччНГКМ | W16: 46063.458 | X16: 46063.833 | Y16: 0 | Z16: 9 | AA16: 8.25 | AB16: 8 | AC16: 0 | AD16: 0 | AE16: 8.25 | AF16: False | AG16: False | AH16: False | AI16: True | AN16: Закрыт | AO16: февраль | AQ16: 182840.48 | AR16: 182840.48 | AS16: 0 | AT16: 0 | AU16: 0 | AV16: 0 | AW16: 0 | AX16: 0 | AY16: 0 | AZ16: 0 | BA16: 0 | BB16: 0 | BC16: 0 | BD16: 46063 | BE16: 46063
A17: Mc_005A | B17: 005A | D17: Маччобинское | E17: Иркутская нефтяная компания | G17: ЦДНГ-1 | L17: ООО "Саханефть" | N17: ООО "ИНК-ТКРС" | O17: Звено подготовки скважин (МаччНГКМ) | P17: ТР | Q17: ТР00-9 | R17: Усиление КРС-16. Погрузка и разгрузка ОКРС. | W17: 46059.208 | X17: 46059.875 | Y17: 0 | Z17: 16 | AA17: 0 | AB17: 0 | AC17: 0 | AD17: 0 | AE17: 0 | AF17: False | AG17: False | AH17: False | AI17: False | AN17: нет актов | AO17: декабрь | AQ17: 0 | AR17: 0 | AS17: 0 | AT17: 0 | AU17: 0 | AV17: 0 | AW17: 0 | AX17: 0 | AY17: 0 | AZ17: 0 | BA17: 0 | BB17: 0 | BC17: 0 | BD17: 46059 | BE17: 46062
... A19: Mc_005A | B19: 005A | D19: Маччобинское | E19: Иркутская нефтяная компания | G19: ЦДНГ-1 | L19: ООО "Саханефть" | N19: ООО "ИНК-ТКРС" | O19: Звено подготовки скважин (МаччНГКМ) | P19: ТР | Q19: ТР00-3 | R19: Работа на КП-51 МаччНГКМ ЦДТ УВС по приготовлению раствора для гидроиспытаний. | W19: 46069.833 | X19: 46070.375 | Y19: 0 | Z19: 13 | AA19: 0 | AB19: 0 | AC19: 0 | AD19: 0 | AE19: 0 | AF19: False | AG19: False | AH19: False | AI19: False | AN19: нет актов | AO19: декабрь | AQ19: 0 | AR19: 0 | AS19: 0 | AT19: 0 | AU19: 0 | AV19: 0 | AW19: 0 | AX19: 0 | AY19: 0 | AZ19: 0 | BA19: 0 | BB19: 0 | BC19: 0 | BD19: 46069 | BE19: 46071
A20: Bt_20кпг | B20: 020кпг | C20: 20 | D20: Большетирский | E20: Иркутская нефтяная компания | F20: Большетирский лицензионный участок | G20: ЦДНГ-2 | H20: Освоение прошлых лет | I20: пр. | L20: АО «ИНК-Запад» | N20: ООО "ИНК-ТКРС" | O20: 1 | P20: ТР | Q20: ТР8-1 | R20: Подъём воронки, ОТЗ, НЗ, Спуск ЭЦН | T20: вдз | W20: 0 | X20: 0 | Y20: 0 | Z20: 0 | AA20: 0 | AB20: 0 | AC20: 0 | AD20: 0 | AE20: 0 | AF20: True | AG20: False | AH20: False | AI20: False | AK20: Утвержден | AN20: нет актов | AO20: декабрь | AQ20: 0 | AR20: 0 | AS20: 0 | AT20: 462 | AU20: 0 | AV20: 0 | AW20: 462 | AX20: 0 | AY20: 0 | AZ20: 0 | BA20: 462 | BB20: 0 | BC20: 0 | BD20: 46058 | BE20: 46068
A21: Ma_025р | B21: 025Р | D21: Марковское | E21: Иркутская нефтяная компания | G21: ЦДНГ-1 | N21: ООО "ИНК-ТКРС" | O21: Звено освоения №3 | P21: КР | Q21: КР12-2 | R21: Восстановление устья. Шаблонировка ОК-146 с разбуриванием ЦМ. ГИС. ПВР. Спуск пакера ГРП. Отработка скважины после ГРП (при необходимости НЗ). Ликвидация/консервация скважины (по доп. НЗ и ПР). | W21: 0 | X21: 0 | Y21: 0 | Z21: 0 | AA21: 0 | AB21: 0 | AC21: 0 | AD21: 0 | AE21: 0 | AF21: False | AG21: False | AH21: False | AI21: False | AN21: нет актов | AO21: декабрь | AQ21: 0 | AR21: 0 | AS21: 0 | AT21: 0 | AU21: 0 | AV21: 0 | AW21: 0 | AX21: 0 | AY21: 0 | AZ21: 0 | BA21: 0 | BB21: 0 | BC21: 0 | BD21: 46042 | BE21: 46073
A22: Ma_040г | B22: 040г | D22: Марковское | E22: Иркутская нефтяная компания | G22: ЦДНГ-1 | I22: ЭЦН | L22: ООО "ИНК" | N22: ООО "ИНК-ТКРС" | P22: КР | Q22: КР11-1 | R22: Консервация скважины | T22: вдз | W22: 0 | X22: 0 | Y22: 0 | Z22: 0 | AA22: 0 | AB22: 0 | AC22: 0 | AD22: 0 | AE22: 0 | AF22: True | AG22: False | AH22: False | AI22: False | AJ22: Макет | AK22: Макет | AN22: нет актов | AO22: декабрь | AQ22: 0 | AR22: 0 | AS22: 0 | AT22: 0 | AU22: 0 | AV22: 0 | AW22: 0 | AX22: 0 | AY22: 0 | AZ22: 0 | BA22: 0 | BB22: 0 | BC22: 0 | BD22: 46068 | BE22: 46071
A23: Ki_047г | B23: 047г | D23: Кийский | E23: Иркутская нефтяная компания | G23: ЦДНГ-1 | I23: ЭЦН | L23: ООО "ИНК" | N23: ООО "ИНК-ТКРС" | O23: 24 | P23: КР | Q23: КР13-13 | R23: Подъём ЭЦВ, Извлечение аварийного оборуд, Подъём ЭК, Добуривание до 250м, Спуск ЭК, | T23: вдз | W23: 0 | X23: 0 | Y23: 0 | Z23: 0 | AA23: 0 | AB23: 0 | AC23: 0 | AD23: 0 | AE23: 0 | AF23: True | AG23: False | AH23: False | AI23: False | AJ23: Утвержден | AK23: Готов | AN23: нет актов | AO23: декабрь | AQ23: 0 | AR23: 0 | AS23: 0 | AT23: 0 | AU23: 0 | AV23: 0 | AW23: 0 | AX23: 0 | AY23: 0 | AZ23: 0 | BA23: 0 | BB23: 0 | BC23: 0 | BD23: 46069 | BE23: 46073
A24: Vt_081вз | B24: 081вз | C24: 81 | D24: Верхнетирский | E24: Иркутская нефтяная компания | F24: Участок Большетирского месторождения Vt LU | G24: ЦДНГ-2 | H24: Ожидание освоения прошлых лет | I24: пр. | L24: ООО «ИНК» | N24: ООО "ИНК-ТКРС" | O24: Звено глушения №2 | P24: ТР | Q24: ТР12-1 | R24: Работы на КДМНУ-81-3 Монтаж УЭЦН | S24: пр. | T24: вдз | W24: 46057.375 | X24: 46063.833 | Y24: 0 | Z24: 66 | AA24: 0 | AB24: 0 | AC24: 0 | AD24: 0 | AE24: 0 | AF24: True | AG24: False | AH24: False | AI24: False | AK24: Утвержден | AN24: нет актов | AO24: декабрь | AQ24: 0 | AR24: 0 | AS24: 0 | AT24: 0 | AU24: 0 | AV24: 0 | AW24: 0 | AX24: 0 | AY24: 0 | AZ24: 0 | BA24: 0 | BB24: 0 | BC24: 0 | BD24: 46053 | BE24: 46056
A25: Vt_089г | B25: 089г | D25: Верхнетирский | E25: Иркутская нефтяная компания | G25: ЦДНГ-2 | I25: ЭЦН | L25: ООО "ИНК" | N25: ООО "ИНК-ТКРС" | P25: ТР | Q25: ТР8-1 | R25: спуск ЭЦН | T25: вдз | W25: 0 | X25: 0 | Y25: 0 | Z25: 0 | AA25: 0 | AB25: 0 | AC25: 0 | AD25: 0 | AE25: 0 | AF25: True | AG25: False | AH25: False | AI25: False | AK25: Готов | AN25: нет актов | AO25: декабрь | AQ25: 0 | AR25: 0 | AS25: 0 | AT25: 0 | AU25: 0 | AV25: 0 | AW25: 0 | AX25: 0 | AY25: 0 | AZ25: 0 | BA25: 0 | BB25: 0 | BC25: 0 | BD25: 46072 | BE25: 46073
A26: Vt_089г | B26: 089г | D26: Верхнетирский | E26: Иркутская нефтяная компания | G26: ЦДНГ-2 | I26: ЭЦН | L26: ООО "ИНК" | N26: ООО "ИНК-ТКРС" | O26: 34 | P26: ТР | Q26: ТР00-6 | R26: ОТЗ, НЗ, Шаблонировка, Замер приемистости, ОПЗ по результату, Спуск ЭЦН | S26: ЭЦН | T26: вдз | W26: 46050.542 | X26: 46069.375 | Y26: 0 | Z26: 67 | AA26: 61.42 | AB26: 47.28 | AC26: 19 | AD26: 19 | AE26: 42.42 | AF26: True | AG26: False | AH26: False | AI26: True | AK26: Утвержден | AN26: несколько актов | AO26: февраль | AQ26: 960952.27 | AR26: 960952.27 | AS26: 0 | AT26: 0 | AU26: 0 | AV26: 0 | AW26: 0 | AX26: 0 | AY26: 0 | AZ26: 0 | BA26: 308 | BB26: 0 | BC26: 0 | BD26: 46028 | BE26: 46032
A27: Mc_010 | B27: 10 | C27: 10 | D27: Маччобинское | E27: Иркутская нефтяная компания | F27: Мирнинский ЛУ | G27: УДНГ | H27: В работе | I27: ЭЦН | L27: ООО "Саханефть" | N27: ООО "ИНК-ТКРС" | O27: Звено подготовки скважин (МаччНГКМ) | P27: ТР | Q27: ТР.ПНП1-4 | R27: проведение двухэтапной обработки | S27: ЭЦН | T27: неф | W27: 46061.375 | X27: 46061.875 | Z27: 12 | AA27: 0 | AB27: 0 | AC27: 0 | AD27: 0 | AE27: 0 | AF27: False | AG27: False | AH27: False | AI27: False | AN27: нет актов | AO27: декабрь | AQ27: 0 | AR27: 0 | AS27: 105.83 | AT27: 730 | AU27: 83 | AV27: 105.83 | AW27: 730 | AX27: 83 | AY27: 0 | AZ27: 105.83 | BA27: 730 | BB27: 83 | BC27: 0 | BD27: 46061 | BE27: 46062
A28: Mc_010 | B28: 10 | C28: 10 | D28: Маччобинское | E28: Иркутская нефтяная компания | F28: Мирнинский ЛУ | G28: УДНГ | I28: ЭЦН | L28: ООО "Саханефть" | N28: ООО "ИНК-ТКРС" | O28: Звено подготовки скважин (МаччНГКМ) | P28: ТР | Q28: ТР.ПНП1-4 | R28: Проведение 2-х этапного ОПЗ | S28: ЭЦН | T28: неф | W28: 46059.875 | X28: 46060.542 | Z28: 16 | AA28: 0 | AB28: 0 | AC28: 0 | AD28: 0 | AE28: 0 | AF28: False | AG28: False | AH28: False | AI28: False | AN28: нет актов | AO28: декабрь | AQ28: 0 | AR28: 0 | AS28: 143.1818 | AT28: 730 | AU28: 77 | AV28: 143.1818 | AW28: 730 | AX28: 77 | AY28: 0 | AZ28: 143.1818 | BA28: 730 | BB28: 77 | BC28: 0 | BD28: 46059 | BE28: 46061
A29: Mc_1001 | B29: 1001 | C29: 10 | D29: Маччобинское | E29: Иркутская нефтяная компания | F29: Мирнинский ЛУ | G29: УДНГ | I29: ЭЦН | L29: ООО "Саханефть" | N29: ООО "ИНК-ТКРС" | O29: 37 | P29: ТР | Q29: ТР3-2 | R29: Глушение, смена УЭЦН (оптимизация) | S29: ЭЦН | T29: неф | W29: 46053.833 | X29: 46062.819 | Y29: 45573 | Z29: 126.67 | AA29: 116.11 | AB29: 134.47 | AC29: 0 | AD29: 0 | AE29: 116.11 | AF29: True | AG29: False | AH29: False | AI29: True | AK29: Утвержден | AN29: несколько актов | AO29: февраль | AQ29: 3064337.9 | AR29: 3064337.9 | AS29: 138.8472 | AT29: 161 | AU29: 0.3 | AV29: 138.8472 | AW29: 161 | AX29: 0.3 | AY29: 0 | AZ29: 221 | BA29: 255 | BB29: 0.3 | BC29: 0 | BD29: 46053 | BE29: 46062
A30: Mc_1004 | B30: 1004 | C30: 10 | D30: Маччобинское | E30: Иркутская нефтяная компания | F30: Мирнинский ЛУ | G30: УДНГ | H30: В работе | I30: ЭЦН | L30: ООО "Саханефть" | N30: ООО "ИНК-ТКРС" | O30: 7 | P30: КР | Q30: КР13-1.3НТ | R30: ВЦ | S30: ЭЦН | T30: неф | W30: 46062.208 | X30: 46070.375 | Y30: 45678 | Z30: 196 | AA30: 179.67 | AB30: 141 | AC30: 0 | AD30: 5.5 | AE30: 174.17 | AF30: True | AG30: False | AH30: False | AI30: True | AJ30: Утвержден | AK30: Утвержден | AN30: Макет | AO30: февраль | AQ30: 4454857.1 | AR30: 4454857.1 | AS30: 65.7 | AT30: 165 | AU30: 54 | AV30: 65.6535 | AW30: 165 | AX30: 54 | AY30: 0 | AZ30: 138 | BA30: 165 | BB30: 20 | BC30: 0 | BD30: 46065 | BE30: 46072
A31: Mc_1004 | B31: 1004 | C31: 10 | D31: Маччобинское | E31: Иркутская нефтяная компания | F31: Мирнинский ЛУ | G31: УДНГ | H31: В работе | I31: ЭЦН | L31: ООО "Саханефть" | N31: ООО "ИНК-ТКРС" | O31: Звено подготовки скважин (МаччНГКМ) | P31: ТР | Q31: ТР.ПНП1-4 | R31: ОПЗ на Скв 1004. КП10 МаччНГКМ | T31: неф | W31: 46054.833 | X31: 46055.333 | Y31: 0 | Z31: 12 | AA31: 0 | AB31: 0 | AC31: 0 | AD31: 0 | AE31: 0 | AF31: False | AG31: False | AH31: False | AI31: False | AN31: нет актов | AO31: декабрь | AQ31: 0 | AR31: 0 | AS31: 138.4433 | AT31: 165 | AU31: 3 | AV31: 138.4433 | AW31: 165 | AX31: 3 | AY31: 0 | AZ31: 138.4433 | BA31: 165 | BB31: 3 | BC31: 0 | BD31: 46054 | BE31: 46055
A32: Mc_1004 | B32: 1004 | C32: 10 | D32: Маччобинское | E32: Иркутская нефтяная компания | F32: Мирнинский ЛУ | G32: УДНГ | I32: ЭЦН | L32: ООО "Саханефть" | N32: ООО "ИНК-ТКРС" | O32: Звено подготовки скважин (МаччНГКМ) | P32: ТР | Q32: ТР12-1 | R32: Проведение ОПЗ, ГКР 12% | S32: ЭЦН | T32: неф | W32: 46060.875 | X32: 46061.375 | Y32: 0 | Z32: 12 | AA32: 0 | AB32: 0 | AC32: 0 | AD32: 0 | AE32: 0 | AF32: False | AG32: False | AH32: False | AI32: False | AN32: нет актов | AO32: декабрь | AQ32: 0 | AR32: 0 | AS32: 65.6535 | AT32: 165 | AU32: 54 | AV32: 65.6535 | AW32: 165 | AX32: 54 | AY32: 0 | AZ32: 65.6535 | BA32: 165 | BB32: 54 | BC32: 0 | BD32: 46060 | BE32: 46062
A33: Ya_104 | B33: 104 | C33: 3 | D33: Ярактинское | E33: Иркутская нефтяная компания | F33: Ярактинское месторождение | G33: ЦДНГ-1 | H33: В работе | I33: ЭЦН | L33: ООО «ИНК» | N33: ООО "Андижон" | O33: 4 | P33: ТР | Q33: ТР5-1 | R33: Смена УЭЦН | T33: неф | W33: 0 | X33: 0 | Y33: 0 | Z33: 0 | AA33: 0 | AB33: 0 | AC33: 0 | AD33: 0 | AE33: 0 | AF33: True | AG33: False | AH33: True | AI33: False | AK33: Макет | AM33: Макет | AN33: нет актов | AO33: декабрь | AQ33: 0 | AR33: 0 | AS33: 11.7635 | AT33: 473 | AU33: 97 | AV33: 11.7635 | AW33: 473 | AX33: 97 | AY33: 0 | AZ33: 11.7635 | BA33: 473 | BB33: 97 | BC33: 0 | BD33: 46070 | BE33: 46078
A34: Au_10501г | B34: 10501г | D34: Аянский участок | E34: Иркутская нефтяная компания | G34: ЦДНГ-1 | I34: ЭЦН | L34: ООО "ИНК-НефтеГазГеология" | N34: ООО "Андижон" | O34: 6 | P34: ТР | Q34: ТР8-1 | R34: Смена ЭЦВ | S34: ЭЦН | T34: вдз | W34: 46058.75 | X34: 46059.792 | Y34: 45742 | Z34: 25 | AA34: 23.33 | AB34: 23.21 | AC34: 0 | AD34: 0 | AE34: 23.33 | AF34: True | AG34: False | AH34: False | AI34: True | AK34: Готов | AN34: Макет | AO34: февраль | AQ34: 675117.83 | AR34: 675117.83 | AS34: 0 | AT34: 120 | AU34: 100 | AV34: 0 | AW34: 120 | AX34: 100 | AY34: 0 | AZ34: 0 | BA34: 120 | BB34: 100 | BC34: 0 | BD34: 46056 | BE34: 46063
A35: Vt_1051вз | B35: 1051вз | D35: Верхнетирский | E35: Иркутская нефтяная компания | G35: ЦДНГ-2 | I35: ЭЦН | L35: ООО "ИНК" | N35: ООО "ИНК-ТКРС" | O35: 5 | P35: ТР | Q35: ТР8-1 | R35: КЗИ, смена ЭЦН | S35: ЭЦН | T35: вдз | W35: 46063.75 | X35: 46066.125 | Y35: 46052 | Z35: 57 | AA35: 52.25 | AB35: 68.45 | AC35: 0 | AD35: 0 | AE35: 52.25 | AF35: True | AG35: False | AH35: True | AI35: True | AK35: Утвержден | AM35: Макет | AN35: Макет | AO35: февраль | AQ35: 1345608.8 | AR35: 1345608.8 | AS35: 0 | AT35: 0 | AU35: 0 | AV35: 0 | AW35: 0 | AX35: 0 | AY35: 0 | AZ35: 0 | BA35: 0 | BB35: 0 | BC35: 0 | BD35: 46063 | BE35: 46065
A36: Vt_1051вз | B36: 1051вз | D36: Верхнетирский | E36: Иркутская нефтяная компания | G36: ЦДНГ-2 | I36: ЭЦН | L36: ООО "ИНК" | N36: ООО "ИНК-ТКРС" | O36: 34 | P36: ТР | Q36: ТР8-1 | R36: Ревизия КВВД, по рез-ту смена УЭЦН | S36: ЭЦН | T36: вдз | W36: 46051.5 | X36: 46054.708 | Y36: 46052 | Z36: 77 | AA36: 70.58 | AB36: 45.33 | AC36: 23.75 | AD36: 32.92 | AE36: 37.66 | AF36: True | AG36: False | AH36: False | AI36: True | AK36: Утвержден | AN36: несколько актов | AO36: февраль | AQ36: 986075.88 | AR36: 986075.88 | AS36: 0 | AT36: 0 | AU36: 0 | AV36: 0 | AW36: 0 | AX36: 0 | AY36: 0 | AZ36: 0 | BA36: 0 | BB36: 0 | BC36: 0 | BD36: 46051 | BE36: 46052
A37: Ya_118 | B37: 118 | C37: 18 | D37: Ярактинское | E37: Иркутская нефтяная компания | F37: Ярактинское месторождение | G37: ЦДНГ-1 | I37: ЭЦН | L37: ООО «ИНК» | N37: ООО "Андижон" | O37: 4 | P37: ТР | Q37: ТР13-2 | R37: Смена ЗМС №2 и №4 | S37: ЭЦН | T37: неф | W37: 46067.958 | X37: 46070.208 | Y37: 43921 | Z37: 54 | AA37: 50.4 | AB37: 23.26 | AC37: 0 | AD37: 0 | AE37: 50.4 | AF37: True | AG37: False | AH37: False | AI37: True | AK37: Утвержден | AN37: Макет | AO37: февраль | AQ37: 672174.13 | AR37: 672174.13 | AS37: 19.6888 | AT37: 25 | AU37: 5 | AV37: 19.6888 | AW37: 25 | AX37: 5 | AY37: 0 | AZ37: 19.6888 | BA37: 25 | BB37: 5 | BC37: 0 | BD37: 46066 | BE37: 46077
A38: Bt_1203 | B38: 1203 | C38: 12 | D38: Большетирский | E38: Иркутская нефтяная компания | F38: Большетирский лицензионный участок | G38: ЦДНГ-2 | I38: ФОН | L38: АО «ИНК-Запад» | N38: ООО "ИНК-ТКРС" | P38: КР | Q38: КР-ОС-6 | R38: Отработка скважины. Замер дебита. ГДИ. | T38: неф | W38: 0 | X38: 0 | Y38: 0 | Z38: 0 | AA38: 0 | AB38: 0 | AC38: 0 | AD38: 0 | AE38: 0 | AF38: True | AG38: False | AH38: False | AI38: False | AJ38: Утвержден | AK38: Утвержден | AN38: нет актов | AO38: декабрь | AQ38: 0 | AR38: 0 | AS38: 0 | AT38: 0 | AU38: 0 | AV38: 0 | AW38: 0 | AX38: 0 | AY38: 0 | AZ38: 200.7 | BA38: 251 | BB38: 1 | BC38: 0 | BD38: 46047 | BE38: 46055
A39: Ya_122 | B39: 122 | C39: 3 | D39: Ярактинское | E39: Иркутская нефтяная компания | F39: Ярактинское месторождение | G39: ЦДНГ-1 | H39: Остановлена | I39: ЭЦН | L39: ООО «ИНК» | N39: ООО "Андижон" | O39: 3 | P39: КР | Q39: КР7-2 | R39: Подъем ЭЦН, ОТЗ,НЗ, ПВР ,спуск пакера ГРП. | S39: ЭЦН | T39: неф | W39: 46066.875 | X39: 0 | Y39: 43717 | Z39: 0 | AA39: 0 | AB39: 120.6 | AC39: 0 | AD39: 0 | AE39: 0 | AF39: True | AG39: False | AH39: False | AI39: True | AJ39: Утвержден | AK39: Утвержден | AN39: Макет | AO39: февраль | AQ39: 3503052.1 | AR39: 3503052.1 | AS39: 22.7063 | AT39: 330 | AU39: 91.7 | AV39: 22.3623 | AW39: 325 | AX39: 91.7 | AY39: 0 | AZ39: 50.4 | BA39: 810.4 | BB39: 92.5 | BC39: 0 | BD39: 46074 | BE39: 46087
A40: Ya_125 | B40: 125 | C40: 9 | D40: Ярактинское | E40: Иркутская нефтяная компания | F40: Ярактинское месторождение | G40: ЦДНГ-1 | H40: Остановлена | I40: ЭЦН | L40: ООО «ИНК» | N40: ООО "ИНК-ТКРС" | P40: ТР | Q40: ТР5-1 | R40: Смена УЭЦН | T40: неф | W40: 0 | X40: 0 | Y40: 0 | Z40: 0 | AA40: 0 | AB40: 0 | AC40: 0 | AD40: 0 | AE40: 0 | AF40: True | AG40: False | AH40: True | AI40: False | AK40: Макет | AM40: Макет | AN40: нет актов | AO40: декабрь | AQ40: 0 | AR40: 0 | AS40: 3.515 | AT40: 106 | AU40: 96 | AV40: 3.515 | AW40: 106 | AX40: 96 | AY40: 0 | AZ40: 3.515 | BA40: 106 | BB40: 96 | BC40: 0 | BD40: 46050 | BE40: 46078
A41: Ma_012г | B41: 12г | D41: Марковское | E41: Иркутская нефтяная компания | G41: ЦДНГ-1 | I41: ЭЦН | L41: ООО "ИНК" | N41: ООО "ИНК-ТКРС" | P41: КР | Q41: КР11-1 | R41: Консервация скв | T41: вдз | W41: 0 | X41: 0 | Y41: 0 | Z41: 0 | AA41: 0 | AB41: 0 | AC41: 0 | AD41: 0 | AE41: 0 | AF41: True | AG41: False | AH41: False | AI41: False | AJ41: Макет | AK41: Макет | AN41: нет актов | AO41: декабрь | AQ41: 0 | AR41: 0 | AS41: 0 | AT41: 0 | AU41: 0 | AV41: 0 | AW41: 0 | AX41: 0 | AY41: 0 | AZ41: 0 | BA41: 0 | BB41: 0 | BC41: 0 | BD41: 46067 | BE41: 46069
A42: Ya_139 | B42: 139 | C42: 21 | D42: Ярактинское | E42: Иркутская нефтяная компания | F42: Ярактинское месторождение | G42: ЦДНГ-1 | I42: ФОН | L42: ООО «ИНК» | N42: ООО "ИНК-Сервис" | O42: Звено №1 ЛМКД | P42: КР | Q42: КР1-4 | R42: Опрессовка МПУ, МКП | S42: ФОН | T42: неф | W42: 46070.375 | X42: 0 | Y42: 36161 | Z42: 0 | AA42: 0 | AB42: 0 | AC42: 0 | AD42: 0 | AE42: 0 | AF42: True | AG42: False | AH42: False | AI42: False | AJ42: Макет | AK42: Утвержден | AN42: нет актов | AO42: декабрь | AQ42: 0 | AR42: 0 | AS42: 0.2984 | AT42: 1 | AU42: 64 | AV42: 0.2984 | AW42: 1 | AX42: 64 | AY42: 0 | AZ42: 0.2984 | BA42: 1 | BB42: 64 | BC42: 0 | BD42: 46070 | BE42: 46071
A43: Bt_1501 | B43: 1501 | C43: 15 | D43: Большетирский | E43: Иркутская нефтяная компания | F43: Большетирский лицензионный участок | G43: ЦДНГ-2 | H43: В бездействии текущего года | I43: ФОН | L43: АО «ИНК-Запад» | N43: ООО "ИНК-ТКРС" | O43: 5 | P43: ТР | Q43: ТР14-1.2 | R43: Глушение, подъём воронки, по рез-ту СПО ПСШ, спуск УЭЦН | S43: ФОН | T43: неф | W43: 46050.688 | X43: 46054.042 | Y43: 44662 | Z43: 80.5 | AA43: 73.79 | AB43: 69.51 | AC43: 41.5 | AD43: 44.33 | AE43: 29.46 | AF43: True | AG43: False | AH43: False | AI43: True | AK43: Утвержден | AN43: несколько актов | AO43: февраль | AQ43: 1648226.1 | AR43: 1648226.1 | AS43: 20.5045 | AT43: 25 | AU43: 0.1 | AV43: 20.5045 | AW43: 25 | AX43: 0.1 | AY43: 0 | AZ43: 20.5045 | BA43: 25 | BB43: 0.1 | BC43: 0 | BD43: 46052 | BE43: 46065
A44: Bt_1501 | B44: 1501 | C44: 15 | D44: Большетирский | E44: Иркутская нефтяная компания | F44: Большетирский лицензионный участок | G44: ЦДНГ-2 | H44: В бездействии текущего года | I44: ФОН | L44: АО «ИНК-Запад» | N44: ООО "ИНК-ТКРС" | O44: Звено глушения №2 | P44: ТР | Q44: ТР00-5 | R44: М/ж ВВЛ L-200м для КРС-5 | S44: ФОН | T44: неф | W44: 46053.333 | X44: 46053.708 | Z44: 9 | AA44: 0 | AB44: 0 | AC44: 0 | AD44: 0 | AE44: 0 | AF44: False | AG44: False | AH44: False | AI44: False | AN44: нет актов | AO44: декабрь | AQ44: 0 | AR44: 0 | AS44: 20.5045 | AT44: 25 | AU44: 0.1 | AV44: 20.5045 | AW44: 25 | AX44: 0.1 | AY44: 0 | AZ44: 20.5045 | BA44: 25 | BB44: 0.1 | BC44: 0 | BD44: 46053 | BE44: 46056
A45: Bt_1501 | B45: 1501 | C45: 15 | D45: Большетирский | E45: Иркутская нефтяная компания | F45: Большетирский лицензионный участок | G45: ЦДНГ-2 | H45: В бездействии текущего года | I45: ФОН | L45: АО «ИНК-Запад» | N45: ООО "ИНК-ТКРС" | P45: КР | Q45: КР13-2 | R45: Глушение. Подъем воронки. Разбуривание МГРП с НЗ до ТЗ. ОПЗ. Спуск ЭЦН. | T45: неф | W45: 0 | X45: 0 | Y45: 0 | Z45: 0 | AA45: 0 | AB45: 0 | AC45: 0 | AD45: 0 | AE45: 0 | AF45: True | AG45: False | AH45: False | AI45: False | AJ45: Готов | AK45: Макет | AN45: нет актов | AO45: декабрь | AQ45: 0 | AR45: 0 | AS45: 20.5045 | AT45: 25 | AU45: 0.1 | AV45: 20.5045 | AW45: 25 | AX45: 0.1 | AY45: 0 | AZ45: 332.2 | BA45: 405 | BB45: 0.1 | BC45: 0 | BD45: 46076 | BE45: 46091
A46: Mr_1503 | B46: 1503 | C46: 15 | D46: Маччобинское | E46: Иркутская нефтяная компания | F46: Мирнинский ЛУ | G46: УДНГ | H46: Ожидание освоения прошлых лет | I46: ЭЦН | L46: ООО "Саханефть" | N46: ООО "ИНК-ТКРС" | O46: 7 | P46: КР | Q46: КР13-1.3НТ | R46: ВЦ | S46: ЭЦН | T46: неф | W46: 46070.375 | X46: 0 | Y46: 45809 | Z46: 0 | AA46: 0 | AB46: 0 | AC46: 0 | AD46: 0 | AE46: 0 | AF46: True | AG46: False | AH46: False | AI46: True | AJ46: Утвержден | AK46: Утвержден | AN46: Макет | AO46: декабрь | AQ46: 0 | AR46: 0 | AS46: 67.8874 | AT46: 83 | AU46: 4 | AV46: 67.8874 | AW46: 83 | AX46: 4 | AY46: 0 | AZ46: 76 | BA46: 246 | BB46: 64 | BC46: 0 | BD46: 46070 | BE46: 46075
A47: Bt_1504 | B47: 1504 | C47: 15 | D47: Большетирский | E47: Иркутская нефтяная компания | F47: Большетирский лицензионный участок | G47: ЦДНГ-2 | L47: АО «ИНК-Запад» | N47: ООО "ИНК-ТКРС" | O47: Звено освоения №3 | P47: КР | Q47: КР-ОС-6 | R47: Отработка скважины после ГРП. Замер дебита. ГДИ. | W47: 46066.875 | X47: 0 | Y47: 0 | Z47: 0 | AA47: 0 | AB47: 0 | AC47: 0 | AD47: 0 | AE47: 0 | AF47: True | AG47: False | AH47: False | AI47: False | AJ47: Утвержден | AK47: Утвержден | AN47: нет актов | AO47: декабрь | AQ47: 0 | AR47: 0 | AS47: 0 | AT47: 0 | AU47: 0 | AV47: 0 | AW47: 0 | AX47: 0 | AY47: 0 | AZ47: 292 | BA47: 365 | BB47: 1 | BC47: 0 | BD47: 46067 | BE47: 46081
A48: Bt_1504 | B48: 1504 | C48: 15 | D48: Большетирский | E48: Иркутская нефтяная компания | F48: Большетирский лицензионный участок | G48: ЦДНГ-2 | L48: АО «ИНК-Запад» | N48: ООО "ИНК-ТКРС" | O48: Звено подготовки скважин | P48: ТР | Q48: ТР00-5 | R48: М-ж ВВЛ | W48: 46069.542 | X48: 0 | Z48: 0 | AA48: 0 | AB48: 0 | AC48: 0 | AD48: 0 | AE48: 0 | AF48: False | AG48: False | AH48: False | AI48: False | AN48: нет актов | AO48: декабрь | AQ48: 0 | AR48: 0 | AS48: 0 | AT48: 0 | AU48: 0 | AV48: 0 | AW48: 0 | AX48: 0 | AY48: 0 | AZ48: 0 | BA48: 0 | BB48: 0 | BC48: 0 | BD48: 46069 | BE48: 46072
A49: Mr_1506 | B49: 1506 | C49: 15 | D49: Маччобинское | E49: Иркутская нефтяная компания | F49: Мирнинский ЛУ | G49: УДНГ | L49: ООО "Саханефть" | N49: ООО "ИНК-ТКРС" | P49: КР | Q49: КР10-1 | R49: Подъем пакера ППД, открываем все порты. Спуск 2-х ПО, ОП всех портов и заколонного пакера на гл.3409м. По результатам ОП предусмотреть, открытие портов и ОПЗ по 10м3 12% HCl на порт. Спуск пакера ППД. | T49: наг | W49: 0 | X49: 0 | Y49: 0 | Z49: 0 | AA49: 0 | AB49: 0 | AC49: 0 | AD49: 0 | AE49: 0 | AF49: True | AG49: False | AH49: False | AI49: False | AJ49: Макет | AK49: Макет | AN49: нет актов | AO49: декабрь | AQ49: 0 | AR49: 0 | AS49: 0 | AT49: 0 | AU49: 0 | AV49: 0 | AW49: 0 | AX49: 0 | AY49: 411 | AZ49: 0 | BA49: 0 | BB49: 0 | BC49: 1000 | BD49: 46073 | BE49: 46093
A50: Mr_1511 | B50: 1511 | C50: 15 | D50: Маччобинское | E50: Иркутская нефтяная компания | F50: Мирнинский ЛУ | G50: УДНГ | H50: В бездействии текущего года | I50: ЭЦН | L50: ООО "Саханефть" | N50: ООО "ИНК-ТКРС" | O50: 26 | P50: КР | Q50: КР9-1 | R50: СПО ПСШ, закрыть порты ГРП №1-5, открыть порт ГРП №6. Прокачка 120 м3 воды со скв. 1506 в порт ГРП №6, ОП. Спуск пакера ППД. | S50: ЭЦН | T50: неф | W50: 46055.208 | X50: 46071 | Y50: 45831 | Z50: 379 | AA50: 347.42 | AB50: 304.95 | AC50: 35 | AD50: 41.92 | AE50: 305.5 | AF50: True | AG50: False | AH50: False | AI50: True | AJ50: Макет | AK50: Макет | AN50: Макет | AO50: февраль | AQ50: 6723871.9 | AR50: 6723871.9 | AS50: 17.8482 | AT50: 27 | AU50: 23 | AV50: 17.8482 | AW50: 27 | AX50: 23 | AY50: 0 | AZ50: 0 | BA50: 1000 | BB50: 23 | BC50: 0 | BD50: 46053 | BE50: 46072
A51: Btw_1606рс | B51: 1606РС | C51: 16 | D51: Вне месторождений | E51: Иркутская нефтяная компания | F51: Большетирский | G51: ЦДНГ-2 | H51: Ожидание освоения текущего года | I51: ЭЦН | L51: ООО «ИXK» | N51: ООО "ИНК-ТКРС" | P51: КР | Q51: КР13-2 | R51: Подъем ЭЦН, НЗ, спуск ЭЦН | S51: ЭЦН | T51: вдд (расс) | W51: 0 | X51: 0 | Z51: 0 | AA51: 0 | AB51: 0 | AC51: 0 | AD51: 0 | AE51: 0 | AF51: True | AG51: False | AH51: False | AI51: False | AJ51: Утвержден | AK51: Макет | AN51: нет актов | AO51: декабрь | AQ51: 0 | AR51: 0 | AS51: 0 | AT51: 200 | AU51: 100 | AV51: 0 | AW51: 200 | AX51: 100 | AY51: 0 | AZ51: 0 | BA51: 327 | BB51: 100 | BC51: 0 | BD51: 46059 | BE51: 46072
A52: Bt_168 | B52: 168 | C52: 4 | D52: Большетирский | E52: Иркутская нефтяная компания | F52: Большетирский лицензионный участок | G52: ЦДНГ-2 | H52: В бездействии текущего года | I52: ФОН | L52: АО «ИНК-Запад» | N52: ООО "ИНК-Сервис" | O52: Звено №2 ЛМКД | P52: КР | Q52: КР1-4 | R52: Опрессовка МКП,МПУ | S52: ФОН | T52: неф | W52: 45937.542 | X52: 46067.542 | Y52: 40858 | Z52: 145.5 | AA52: 132.07 | AB52: 0 | AC52: 0 | AD52: 0 | AE52: 132.07 | AF52: True | AG52: False | AH52: False | AI52: False | AJ52: Макет | AK52: Утвержден | AN52: нет актов | AO52: декабрь | AQ52: 0 | AR52: 0 | AS52: 4.1009 | AT52: 5 | AU52: 0.1 | AV52: 4.1009 | AW52: 5 | AX52: 0.1 | AY52: 0 | AZ52: 4.1009 | BA52: 5 | BB52: 0.1 | BC52: 0 | BD52: 45885 | BE52: 45894
A53: Ma_016ВЗ | B53: 16ВЗ | C53: 16 | D53: Марковское | E53: Иркутская нефтяная компания | F53: Марковское месторождение | G53: ЦДНГ-1 | H53: В ожидании ликвидации | I53: ЭЦН | L53: ООО «ИНК» | N53: ООО "ИНК-ТКРС" | P53: КР | Q53: КР12-1 | R53: Ликвидация скважины | T53: вдз | W53: 0 | X53: 0 | Y53: 0 | Z53: 0 | AA53: 0 | AB53: 0 | AC53: 0 | AD53: 0 | AE53: 0 | AF53: True | AG53: False | AH53: False | AI53: False | AJ53: Макет | AK53: Макет | AN53: нет актов | AO53: декабрь | AQ53: 0 | AR53: 0 | AS53: 0 | AT53: 1612 | AU53: 0 | AV53: 0 | AW53: 1612 | AX53: 0 | AY53: 0 | AZ53: 0 | BA53: 1612 | BB53: 0 | BC53: 0 | BD53: 46078 | BE53: 46083
A54: Bt_170 | B54: 170 | C54: 11 | D54: Большетирский | E54: Иркутская нефтяная компания | F54: Большетирский лицензионный участок | G54: ЦДНГ-2 | H54: Ожидание освоения прошлых лет | I54: ФОН | L54: АО «ИНК-Запад» | N54: ООО "ИНК-ТКРС" | O54: 5 | P54: ТР | Q54: ТР5-7 | R54: Глушение скважины. Подъем НКТ с датчиком УЗД. Спуск ЭЦН. | T54: неф | W54: 0 | X54: 0 | Y54: 0 | Z54: 0 | AA54: 0 | AB54: 0 | AC54: 0 | AD54: 0 | AE54: 0 | AF54: True | AG54: False | AH54: False | AI54: False | AK54: Утвержден | AN54: нет актов | AO54: декабрь | AQ54: 0 | AR54: 0 | AS54: 95.1408 | AT54: 116 | AU54: 0.1 | AV54: 95.1408 | AW54: 116 | AX54: 0.1 | AY54: 0 | AZ54: 95.1408 | BA54: 116 | BB54: 0.1 | BC54: 0 | BD54: 46062 | BE54: 46071
A55: Bt_170 | B55: 170 | C55: 11 | D55: Большетирский | E55: Иркутская нефтяная компания | F55: Большетирский лицензионный участок | G55: ЦДНГ-2 | H55: Ожидание освоения прошлых лет | I55: ФОН | L55: АО «ИНК-Запад» | N55: ООО "ИНК-ТКРС" | O55: Звено глушения №2 | P55: ТР | Q55: ТР00-8 | R55: Опережающее глушение | S55: ФОН | T55: неф | W55: 46062.833 | X55: 46064.333 | Y55: 32509 | Z55: 24 | AA55: 0 | AB55: 0 | AC55: 0 | AD55: 0 | AE55: 0 | AF55: False | AG55: False | AH55: False | AI55: False | AN55: нет актов | AO55: декабрь | AQ55: 0 | AR55: 0 | AS55: 95.1408 | AT55: 116 | AU55: 0.1 | AV55: 95.1408 | AW55: 116 | AX55: 0.1 | AY55: 0 | AZ55: 95.1408 | BA55: 116 | BB55: 0.1 | BC55: 0 | BD55: 46062 | BE55: 46063
A56: Bt_171 | B56: 171 | C56: 11 | D56: Большетирский | E56: Иркутская нефтяная компания | F56: Большетирский лицензионный участок | G56: ЦДНГ-2 | H56: В бездействии прошлых лет | I56: ЭЦН | L56: АО «ИНК-Запад» | N56: ООО "ИНК-ТКРС" | O56: Звено глушения №2 | P56: ТР | Q56: ТР13-2 | R56: Глушение, ревизия КВВД | S56: ЭЦН | T56: неф | W56: 46055.333 | X56: 46057.375 | Z56: 49 | AA56: 0 | AB56: 0 | AC56: 0 | AD56: 0 | AE56: 0 | AF56: True | AG56: False | AH56: False | AI56: False | AK56: Утвержден | AN56: нет актов | AO56: декабрь | AQ56: 0 | AR56: 0 | AS56: 16.4036 | AT56: 20 | AU56: 0.1 | AV56: 16.4036 | AW56: 20 | AX56: 0.1 | AY56: 0 | AZ56: 16.4036 | BA56: 20 | BB56: 0.1 | BC56: 0 | BD56: 46055 | BE56: 46057
A57: Bt_171 | B57: 171 | C57: 11 | D57: Большетирский | E57: Иркутская нефтяная компания | F57: Большетирский лицензионный участок | G57: ЦДНГ-2 | H57: В бездействии прошлых лет | I57: ЭЦН | L57: АО «ИНК-Запад» | N57: ООО "ИНК-ТКРС" | O57: Звено глушения №2 | P57: ТР | Q57: ТР00-8 | R57: перевод скважины с раствора у-1,55 на раствор у-1,28 | T57: неф | W57: 46053.708 | X57: 46054.833 | Y57: 0 | Z57: 27 | AA57: 0 | AB57: 0 | AC57: 0 | AD57: 0 | AE57: 0 | AF57: False | AG57: False | AH57: False | AI57: False | AN57: нет актов | AO57: декабрь | AQ57: 0 | AR57: 0 | AS57: 16.4036 | AT57: 20 | AU57: 0.1 | AV57: 16.4036 | AW57: 20 | AX57: 0.1 | AY57: 0 | AZ57: 16.4036 | BA57: 20 | BB57: 0.1 | BC57: 0 | BD57: 46053 | BE57: 46054
A58: Bt_171 | B58: 171 | C58: 11 | D58: Большетирский | E58: Иркутская нефтяная компания | F58: Большетирский лицензионный участок | G58: ЦДНГ-2 | H58: В работе | I58: ЭЦН | L58: АО «ИНК-Запад» | N58: ООО "ИНК-ТКРС" | O58: 15 | P58: КР | Q58: КР13-13 | R58: Фрезирование задвижки АФК ЗМС №5, замена ЗМС №5. | S58: ЭЦН | T58: неф | W58: 46048.708 | X58: 46054.417 | Y58: 44176 | Z58: 137 | AA58: 125.58 | AB58: 81.05 | AC58: 66.5 | AD58: 66.5 | AE58: 59.08 | AF58: True | AG58: False | AH58: False | AI58: True | AJ58: Утвержден | AK58: Утвержден | AN58: несколько актов | AO58: февраль | AQ58: 3077206.8 | AR58: 3077206.8 | AS58: 16.4036 | AT58: 20 | AU58: 0.1 | AV58: 16.4036 | AW58: 20 | AX58: 0.1 | AY58: 0 | AZ58: 158 | BA58: 193 | BB58: 0.1 | BC58: 0 | BD58: 45683 | BE58: 45690
A59: Mr_1711 | B59: 1711 | C59: 17 | D59: Маччобинское | E59: Иркутская нефтяная компания | F59: Мирнинский ЛУ | G59: УДНГ | H59: Ожидание освоения текущего года | I59: ЭЦН | L59: ООО "Саханефть" | N59: ООО "ИНК-ТКРС" | O59: 27 | P59: КР | Q59: КР13-1.1 | R59: ВЦ | S59: ЭЦН | T59: неф | W59: 46046.625 | X59: 46068.625 | Y59: 46027 | Z59: 506.75 | AA59: 464.52 | AB59: 515.63 | AC59: 152 | AD59: 166.83 | AE59: 297.69 | AF59: True | AG59: False | AH59: False | AI59: True | AJ59: Утвержден | AK59: Утвержден | AN59: несколько актов | AO59: февраль | AQ59: 10620641 | AR59: 10620641 | AS59: 0 | AT59: 0 | AU59: 0 | AV59: 0 | AW59: 0 | AX59: 0 | AY59: 0 | AZ59: 174 | BA59: 201 | BB59: 0 | BC59: 0 | BD59: 46046 | BE59: 46051
A60: Bt_174 | B60: 174 | C60: 11 | D60: Большетирский | E60: Иркутская нефтяная компания | F60: Большетирский лицензионный участок | G60: ЦДНГ-2 | I60: ЭЦН | L60: АО «ИНК-Запад» | N60: ООО "ИНК-ТКРС" | O60: 1 | P60: ТР | Q60: ТР5-7 | R60: Глушение скважины. Подъем воронки на НКТ-73. Спуск ЭЦН. | S60: ЭЦН | T60: неф | W60: 46033.167 | X60: 46055.5 | Y60: 46043 | Z60: 536 | AA60: 491.33 | AB60: 497.59 | AC60: 312 | AD60: 312 | AE60: 179.33 | AF60: True | AG60: False | AH60: False | AI60: True | AK60: Утвержден | AN60: несколько актов | AO60: февраль | AQ60: 11822532 | AR60: 11822532 | AS60: 27.873 | AT60: 35 | AU60: 3 | AV60: 27.873 | AW60: 35 | AX60: 3 | AY60: 0 | AZ60: 81.1 | BA60: 98.9 | BB60: 0.1 | BC60: 0 | BD60: 46033 | BE60: 46042
A61: Bt_174 | B61: 174 | C61: 11 | D61: Большетирский | E61: Иркутская нефтяная компания | F61: Большетирский лицензионный участок | G61: ЦДНГ-2 | I61: ЭЦН | L61: АО «ИНК-Запад» | N61: ООО "ИНК-ТКРС" | O61: Звено глушения | P61: ТР | Q61: ТР00-8 | R61: Перевод скв. с р-1,60 г/см3 на р-1,28 г/см3. | S61: ЭЦН | T61: неф | W61: 46059.688 | X61: 0 | Y61: 46043 | Z61: 0 | AA61: 0 | AB61: 0 | AC61: 0 | AD61: 0 | AE61: 0 | AF61: False | AG61: False | AH61: False | AI61: False | AN61: нет актов | AO61: декабрь | AQ61: 0 | AR61: 0 | AS61: 27.873 | AT61: 35 | AU61: 3 | AV61: 81.1682 | AW61: 169 | AX61: 41.5 | AY61: 0 | AZ61: 27.873 | BA61: 35 | BB61: 3 | BC61: 0 | BD61: 46059 | BE61: 46061
A62: Bt_177вз | B62: 177вз | C62: 11 | D62: Большетирский | E62: Иркутская нефтяная компания | F62: Большетирский лицензионный участок | G62: ЦДНГ-2 | I62: ФОН | L62: АО «ИНК-Запад» | N62: ООО "ИНК-ТКРС" | O62: 35 | P62: ТР | Q62: ТР14-1.2 | R62: монтаж ЭЦН в КДМНУ 11-2 ВУС | T62: вдз | W62: 46070.604 | X62: 0 | Y62: 0 | Z62: 0 | AA62: 0 | AB62: 0 | AC62: 0 | AD62: 0 | AE62: 0 | AF62: True | AG62: False | AH62: False | AI62: False | AK62: Утвержден | AN62: нет актов | AO62: декабрь | AQ62: 0 | AR62: 0 | AS62: 0 | AT62: 0 | AU62: 0 | AV62: 0 | AW62: 0 | AX62: 0 | AY62: 0 | AZ62: 0 | BA62: 0 | BB62: 0 | BC62: 0 | BD62: 46066 | BE62: 46067
A63: Bt_177вз | B63: 177вз | C63: 11 | D63: Большетирский | E63: Иркутская нефтяная компания | F63: Большетирский лицензионный участок | G63: ЦДНГ-2 | I63: ФОН | L63: АО «ИНК-Запад» | N63: ООО "ИНК-ТКРС" | O63: Звено подготовки скважин | P63: ТР | Q63: ТР14-1.2 | R63: М\ж КВ, АФК и обвязки устья на КДМНУ-2 КП 11 | S63: ФОН | T63: вдз | W63: 0 | X63: 0 | Y63: 0 | Z63: 0 | AA63: 0 | AB63: 0 | AC63: 0 | AD63: 0 | AE63: 0 | AF63: False | AG63: False | AH63: False | AI63: False | AN63: нет актов | AO63: декабрь | AQ63: 0 | AR63: 0 | AS63: 0 | AT63: 0 | AU63: 0 | AV63: 0 | AW63: 0 | AX63: 0 | AY63: 0 | AZ63: 0 | BA63: 0 | BB63: 0 | BC63: 0 | BD63: 46071 | BE63: 46072
A64: Vt_17901 | B64: 17901 | C64: 179 | D64: Верхнетирский | E64: Иркутская нефтяная компания | F64: Участок Большетирского месторождения Vt LU | G64: ЦДНГ-2 | H64: Освоение текущего года | I64: ЭЦН | L64: ООО «ИНК» | N64: ООО "ИНК-ТКРС" | O64: Бригада КГРП | P64: КР | Q64: КР7-1 | R64: ОПЗ при КГРП | T64: неф | W64: 46048.708 | X64: 46054.625 | Y64: 0 | Z64: 142 | AA64: 130.17 | AB64: 0 | AC64: 62 | AD64: 84 | AE64: 46.17 | AF64: True | AG64: False | AH64: False | AI64: False | AJ64: Утвержден | AK64: Утвержден | AN64: нет актов | AO64: декабрь | AQ64: 0 | AR64: 0 | AS64: 95.0777 | AT64: 247 | AU64: 53 | AV64: 61.5888 | AW64: 160 | AX64: 53 | AY64: 0 | AZ64: 95.0777 | BA64: 247 | BB64: 53 | BC64: 0 | BD64: 46048 | BE64: 46053
A65: Vt_17902 | B65: 17902 | C65: 179 | D65: Верхнетирский | E65: Иркутская нефтяная компания | F65: Верхнетирский лицензионный участок | G65: ЦДНГ-2 | L65: ООО «ИНК» | N65: ООО "ИНК-ТКРС" | O65: 10 | P65: КР | Q65: КР-ОС-1 | R65: Отработка, замер дебита, ГДИ, глушение, подъем УГРП, спуск УЭЦН. | W65: 46070.208 | X65: 0 | Z65: 0 | AA65: 0 | AB65: 16.68 | AC65: 0 | AD65: 0 | AE65: 0 | AF65: True | AG65: False | AH65: False | AI65: True | AJ65: Утвержден | AK65: Макет | AN65: Макет | AO65: февраль | AQ65: 328664.87 | AR65: 328664.87 | AS65: 0 | AT65: 0 | AU65: 0 | AV65: 0 | AW65: 0 | AX65: 0 | AY65: 0 | AZ65: 143.2 | BA65: 252 | BB65: 30 | BC65: 0 | BD65: 46071 | BE65: 46081
A66: Vt_17902 | B66: 17902 | C66: 179 | D66: Верхнетирский | E66: Иркутская нефтяная компания | F66: Верхнетирский лицензионный участок | G66: ЦДНГ-2 | L66: ООО «ИНК» | N66: ООО "ИНК-ТКРС" | O66: Бригада КГРП | P66: КР | Q66: КР-ОС-8 | R66: Активация портов ГРП + ОПЗ СКО. | W66: 46054.625 | X66: 46070.375 | Z66: 372 | AA66: 341 | AB66: 0 | AC66: 45 | AD66: 74.25 | AE66: 266.75 | AF66: True | AG66: False | AH66: False | AI66: False | AJ66: Утвержден | AK66: Утвержден | AN66: нет актов | AO66: декабрь | AQ66: 0 | AR66: 0 | AS66: 0 | AT66: 0 | AU66: 0 | AV66: 0 | AW66: 0 | AX66: 0 | AY66: 0 | AZ66: 0 | BA66: 0 | BB66: 0 | BC66: 0 | BD66: 46053 | BE66: 46063
A67: Ya_180 | B67: 180 | C67: 18 | D67: Ярактинское | E67: Иркутская нефтяная компания | F67: Ярактинское месторождение | G67: ЦДНГ-1 | H67: В работе | I67: ЭЦН | L67: ООО «ИНК» | N67: ООО "Андижон" | P67: КР | Q67: КР7-1 | R67: Глушение, подъем УЭЦН, ОТЗ, НЗ, ГДК+ОПЗ, спуск УЭЦН. | T67: неф | W67: 0 | X67: 0 | Y67: 0 | Z67: 0 | AA67: 0 | AB67: 0 | AC67: 0 | AD67: 0 | AE67: 0 | AF67: True | AG67: False | AH67: False | AI67: False | AJ67: Утвержден | AK67: Утвержден | AN67: нет актов | AO67: декабрь | AQ67: 0 | AR67: 0 | AS67: 4.8745 | AT67: 21 | AU67: 72 | AV67: 4.8745 | AW67: 21 | AX67: 72 | AY67: 0 | AZ67: 28.4 | BA67: 279.7 | BB67: 93 | BC67: 0 | BD67: 46053 | BE67: 46073
A68: Ya_180 | B68: 180 | C68: 18 | D68: Ярактинское | E68: Иркутская нефтяная компания | F68: Ярактинское месторождение | G68: ЦДНГ-1 | H68: В работе | I68: ЭЦН | L68: ООО «ИНК» | N68: ООО "Андижон" | O68: 4 | P68: ТР | Q68: ТР5-1 | R68: Глушение, смена УЭЦН | T68: неф | X68: 0 | Y68: 0 | Z68: 0 | AA68: 0 | AB68: 0 | AC68: 0 | AD68: 0 | AE68: 0 | AF68: True | AG68: False | AH68: False | AI68: False | AK68: Макет | AN68: нет актов | AO68: декабрь | AQ68: 0 | AR68: 0 | AS68: 4.8745 | AT68: 21 | AU68: 72 | AV68: 4.8745 | AW68: 21 | AX68: 72 | AY68: 0 | AZ68: 4.8745 | BA68: 21 | BB68: 72 | BC68: 0 | BD68: 46068 | BE68: 46076
A69: Mr_1911 | B69: 1911 | C69: 19 | D69: Маччобинское | E69: Иркутская нефтяная компания | F69: Мирнинский ЛУ | G69: УДНГ | H69: В работе | I69: ЭЦН | L69: ООО "Саханефть" | N69: ООО "ИНК-ТКРС" | O69: 27 | P69: КР | Q69: КР9-1 | R69: Перевод в ППД. СПО ПСШ, спуск пакера ППД, определение приемистости. | S69: ЭЦН | T69: неф | W69: 46068.625 | X69: 0 | Y69: 45865 | Z69: 0 | AA69: 0 | AB69: 11.3 | AC69: 0 | AD69: 0 | AE69: 0 | AF69: False | AG69: False | AH69: False | AI69: True | AN69: Макет | AO69: февраль | AQ69: 217068.22 | AR69: 217068.22 | AS69: 98.3464 | AT69: 119 | AU69: 3 | AV69: 98.3464 | AW69: 119 | AX69: 3 | AY69: 0 | AZ69: 0 | BA69: 1000 | BB69: 3 | BC69: 0 | BD69: 46068 | BE69: 46075
A70: Ya_199 | B70: 199 | C70: 32 | D70: Ярактинское | E70: Иркутская нефтяная компания | F70: Ярактинское месторождение | G70: ЦДНГ-1 | H70: Остановлена | I70: ЭЦН | L70: ООО «ИНК» | N70: ООО "ИНК-Сервис" | O70: Звено №1 ЛМКД | P70: КР | Q70: КР1-4 | R70: ЛМКД | S70: ЭЦН | T70: неф | W70: 45773.625 | X70: 46067.542 | Y70: 44989 | Z70: 100.02 | AA70: 93.33 | AB70: 0 | AC70: 0 | AD70: 0 | AE70: 93.33 | AF70: True | AG70: False | AH70: False | AI70: False | AJ70: Макет | AK70: Утвержден | AN70: нет актов | AO70: декабрь | AQ70: 0 | AR70: 0 | AS70: 0.2189 | AT70: 132 | AU70: 99.8 | AV70: 0.2189 | AW70: 132 | AX70: 99.8 | AY70: 0 | AZ70: 0.2189 | BA70: 132 | BB70: 99.8 | BC70: 0 | BD70: 45772 | BE70: 45773
A71: Ur_002 | B71: 2 | C71: 8 | D71: Юраченский участок | E71: Иркутская нефтяная компания | F71: Юраченский ЛУ | G71: УДНГ | H71: Ожидание освоения прошлых лет | I71: ФОН | L71: АО «ИНК-Красноярск» | N71: ООО "ИНК-ТКРС" | O71: Звено подготовки скважин №3 | P71: ТР | Q71: ТР00-6 | R71: Гидроизоляция амбара. | S71: ФОН | T71: неф | W71: 0 | X71: 0 | Z71: 0 | AA71: 0 | AB71: 0 | AC71: 0 | AD71: 0 | AE71: 0 | AF71: False | AG71: False | AH71: False | AI71: False | AN71: нет актов | AO71: декабрь | AQ71: 0 | AR71: 0 | AS71: 0 | AT71: 0 | AU71: 0 | AV71: 0 | AW71: 0 | AX71: 0 | AY71: 0 | AZ71: 0 | BA71: 0 | BB71: 0 | BC71: 0 | BD71: 46066 | BE71: 46073
A72: Ur_002 | B72: 2 | C72: 8 | D72: Юраченский участок | E72: Иркутская нефтяная компания | F72: Юраченский ЛУ | G72: УДНГ | H72: Ожидание освоения прошлых лет | I72: ФОН | L72: АО «ИНК-Красноярск» | N72: ООО "ИНК-ТКРС" | O72: Звено подготовки скважин №3 | P72: КР | Q72: КР-ОС-6 | R72: Отработка скважины. Замер дебита. ГДИ. Глушение. Консервация сквжаины (по отдельному НЗ и ПР). | T72: неф | W72: 46067.333 | X72: 0 | Y72: 0 | Z72: 0 | AA72: 0 | AB72: 0 | AC72: 0 | AD72: 0 | AE72: 0 | AF72: True | AG72: False | AH72: False | AI72: False | AJ72: Утвержден | AK72: Утвержден | AN72: нет актов | AO72: декабрь | AQ72: 0 | AR72: 0 | AS72: 0 | AT72: 0 | AU72: 0 | AV72: 0 | AW72: 0 | AX72: 0 | AY72: 0 | AZ72: 10 | BA72: 50 | BB72: 20 | BC72: 0 | BD72: 46067 | BE72: 46113
A73: Am_202 | B73: 202 | C73: 1 | D73: Западно-Аянское | E73: Иркутская нефтяная компания | F73: Аянская площадь ЛУ AM LU | G73: ЦДНГ-1 | H73: В бездействии прошлых лет | I73: ЭЦН | L73: ООО «ИНК-НефтеГазГеология» | N73: ООО "ИНК-ТКРС" | P73: КР | Q73: КР13-1.3НТ | R73: ВЦ в НКТ | T73: неф | W73: 0 | X73: 0 | Y73: 0 | Z73: 0 | AA73: 0 | AB73: 0 | AC73: 0 | AD73: 0 | AE73: 0 | AF73: True | AG73: False | AH73: False | AI73: False | AJ73: Макет | AK73: Макет | AN73: нет актов | AO73: декабрь | AQ73: 0 | AR73: 0 | AS73: 3.5899 | AT73: 72 | AU73: 94 | AV73: 3.5899 | AW73: 72 | AX73: 94 | AY73: 0 | AZ73: 24.5 | BA73: 52 | BB73: 42.7 | BC73: 0 | BD73: 46071 | BE73: 46078
A74: Mc_20414 | B74: 20414 | C74: 8 | D74: Маччобинское | E74: Иркутская нефтяная компания | F74: Мирнинский ЛУ | G74: УДНГ | I74: ЭЦН | L74: ООО "Саханефть" | N74: ООО "ИНК-ТКРС" | O74: Звено подготовки скважин (МаччНГКМ) | P74: ТР | Q74: ТР12-1 | R74: Проведение СКО | S74: ЭЦН | T74: неф | W74: 46062.542 | X74: 46064.333 | Y74: 0 | Z74: 43 | AA74: 0 | AB74: 0 | AC74: 0 | AD74: 0 | AE74: 0 | AF74: False | AG74: False | AH74: False | AI74: False | AN74: нет актов | AO74: декабрь | AQ74: 0 | AR74: 0 | AS74: 306.3557 | AT74: 868 | AU74: 59 | AV74: 306.3557 | AW74: 868 | AX74: 59 | AY74: 0 | AZ74: 306.3557 | BA74: 868 | BB74: 59 | BC74: 0 | BD74: 46062 | BE74: 46063
A75: Mc_20414 | B75: 20414 | C75: 8 | D75: Маччобинское | E75: Иркутская нефтяная компания | F75: Мирнинский ЛУ | G75: УДНГ | H75: В работе | I75: ЭЦН | L75: ООО "Саханефть" | N75: ООО "ИНК-ТКРС" | O75: 37 | P75: ТР | Q75: ТР5-1 | R75: Глушение, подъём УЭЦН (по рез-ту подрыва ПШ согласовать необходимость ПСШ), спуск УЭЦН | S75: ЭЦН | T75: неф | W75: 46067.208 | X75: 0 | Y75: 45909 | Z75: 0 | AA75: 0 | AB75: 87.28 | AC75: 0 | AD75: 0 | AE75: 0 | AF75: True | AG75: False | AH75: True | AI75: True | AK75: Готов | AM75: Макет | AN75: Макет | AO75: февраль | AQ75: 2094172.6 | AR75: 2094172.6 | AS75: 306.3557 | AT75: 868 | AU75: 59 | AV75: 306.3557 | AW75: 868 | AX75: 59 | AY75: 0 | AZ75: 414 | BA75: 961 | BB75: 59 | BC75: 0 | BD75: 46066 | BE75: 46073
A76: Au_206 | B76: 206 | C76: 2 | D76: Западно-Аянское | E76: Иркутская нефтяная компания | F76: Аянский ЛУ AU LU | G76: ЦДНГ-1 | H76: В бездействии прошлых лет | I76: ЭЦН | L76: ООО «ИНК-НефтеГазГеология» | N76: ООО "ИНК-ТКРС" | P76: КР | Q76: КР7-1 | R76: Подъем УЭЦН, ОТЗ, НЗ, ОПЗ СКО+ИСО, Спуск УЭЦН. | T76: неф | W76: 0 | X76: 0 | Y76: 0 | Z76: 0 | AA76: 0 | AB76: 0 | AC76: 0 | AD76: 0 | AE76: 0 | AF76: True | AG76: False | AH76: False | AI76: False | AJ76: Макет | AK76: Макет | AN76: нет актов | AO76: декабрь | AQ76: 0 | AR76: 0 | AS76: 4.9195 | AT76: 74 | AU76: 92 | AV76: 4.9195 | AW76: 74 | AX76: 92 | AY76: 0 | AZ76: 8.9 | BA76: 267 | BB76: 96 | BC76: 0 | BD76: 46043 | BE76: 46060
A77: Ya_208 | B77: 208 | C77: 56 | D77: Ярактинское | E77: Иркутская нефтяная компания | F77: Ярактинское месторождение | G77: ЦДНГ-1 | H77: Остановлена | I77: ЭЦН | L77: ООО «ИНК» | N77: ООО "Андижон" | P77: КР | Q77: КР7-3 | R77: Глушение скважины, подьём пакера ГРП, разбуривание цем.моста и пакер пробки на гл. 3105-3200м. НЗ, спуск ЭЦН. | T77: неф | W77: 0 | X77: 0 | Y77: 0 | Z77: 0 | AA77: 0 | AB77: 0 | AC77: 0 | AD77: 0 | AE77: 0 | AF77: True | AG77: False | AH77: False | AI77: False | AJ77: Утвержден | AK77: Макет | AN77: нет актов | AO77: декабрь | AQ77: 0 | AR77: 0 | AS77: 10.1843 | AT77: 105 | AU77: 88.3 | AV77: 10.1843 | AW77: 105 | AX77: 88.3 | AY77: 0 | AZ77: 34.4 | BA77: 112 | BB77: 62.9 | BC77: 0 | BD77: 46035 | BE77: 46054
A78: Ya_234 | B78: 234 | C78: 20 | D78: Ярактинское | E78: Иркутская нефтяная компания | F78: Ярактинское месторождение | G78: ЦДНГ-1 | H78: В работе | I78: ЭЦН | L78: ООО «ИНК» | N78: ООО "ИНК-ТКРС" | O78: 10 | P78: КР | Q78: КР13-1.1 | R78: Глушение, КЗИ под ПШ, смена УЭЦН | S78: ЭЦН | T78: неф | W78: 46034.708 | X78: 46062.958 | Y78: 46044 | Z78: 678 | AA78: 621.5 | AB78: 581.57 | AC78: 332.17 | AD78: 348.17 | AE78: 273.33 | AF78: True | AG78: False | AH78: False | AI78: True | AJ78: Макет | AK78: Макет | AN78: несколько актов | AO78: февраль | AQ78: 14050605 | AR78: 14050605 | AS78: 56.1067 | AT78: 423 | AU78: 84 | AV78: 56.1067 | AW78: 423 | AX78: 84 | AY78: 0 | AZ78: 62.36 | BA78: 482.2 | BB78: 84 | BC78: 0 | BD78: 46032 | BE78: 46044
A79: Ya_234 | B79: 234 | C79: 20 | D79: Ярактинское | E79: Иркутская нефтяная компания | F79: Ярактинское месторождение | G79: ЦДНГ-1 | H79: Остановлена | I79: ЭЦН | L79: ООО «ИНК» | N79: ООО "ИНК-ТКРС" | O79: 10 | P79: ТР | Q79: ТР5-1 | R79: КЗИ Смена УЭЦН | T79: неф | W79: 46062.958 | X79: 46070.208 | Y79: 0 | Z79: 174 | AA79: 159.5 | AB79: 157.85 | AC79: 0 | AD79: 12 | AE79: 147.5 | AF79: False | AG79: False | AH79: False | AI79: True | AN79: Макет | AO79: февраль | AQ79: 4459175.3 | AR79: 4459175.3 | AS79: 56.1067 | AT79: 423 | AU79: 84 | AV79: 56.1067 | AW79: 423 | AX79: 84 | AY79: 0 | AZ79: 62.36 | BA79: 482 | BB79: 84 | BC79: 0 | BD79: 46064 | BE79: 46078
A80: Mr_2401 | B80: 2401 | C80: 24 | D80: Нелбинское | E80: Иркутская нефтяная компания | F80: Мирнинский ЛУ | G80: УДНГ | H80: В консервации | I80: пр. | N80: ООО "ИНК-ТКРС" | P80: КР | Q80: КР11-2 | R80: Разбур. цем. моста, ГДК, ОПЗ СКО, спуск УЭЦН, отработка, ГДИ, оценка дебита, глушение, подъем УЭЦН, консервация. | T80: неф | W80: 0 | X80: 0 | Y80: 0 | Z80: 0 | AA80: 0 | AB80: 0 | AC80: 0 | AD80: 0 | AE80: 0 | AF80: True | AG80: False | AH80: False | AI80: False | AJ80: Утвержден | AK80: Макет | AN80: нет актов | AO80: декабрь | AQ80: 0 | AR80: 0 | AS80: 0 | AT80: 0 | AU80: 0 | AV80: 0 | AW80: 0 | AX80: 0 | AY80: 0 | AZ80: 1 | BA80: 10 | BB80: 90 | BC80: 0 | BD80: 46073 | BE80: 46101
A81: Ya_242 | B81: 242 | C81: 10 | D81: Ярактинское | E81: Иркутская нефтяная компания | F81: Ярактинское месторождение | G81: ЦДНГ-1 | I81: ЭЦН | L81: ООО «ИНК» | N81: ООО "ИНК-ТКРС" | P81: ТР | Q81: ТР5-1 | R81: Глушение, подъём УЭЦН, ОТЗ, шаблонирование ЭК, спуск УЭЦН | T81: неф | W81: 0 | X81: 0 | Y81: 0 | Z81: 0 | AA81: 0 | AB81: 0 | AC81: 0 | AD81: 0 | AE81: 0 | AF81: True | AG81: False | AH81: False | AI81: False | AK81: Макет | AN81: нет актов | AO81: декабрь | AQ81: 0 | AR81: 0 | AS81: 20.2608 | AT81: 26 | AU81: 6 | AV81: 20.2608 | AW81: 26 | AX81: 6 | AY81: 0 | AZ81: 20.2608 | BA81: 26 | BB81: 6 | BC81: 0 | BD81: 46048 | BE81: 46060
A82: Au_243 | B82: 243 | C82: 5 | D82: Западно-Аянское | E82: Иркутская нефтяная компания | F82: Аянский ЛУ AU LU | G82: ЦДНГ-1 | H82: Ожидание освоения текущего года | I82: ЭЦН | L82: ООО «ИНК-НефтеГазГеология» | N82: ООО "Андижон" | O82: 2 | P82: ТР | Q82: ТР5-1 | R82: КЗИ Смена УЭЦН | S82: ЭЦН | T82: неф | W82: 46068.625 | X82: 0 | Z82: 0 | AA82: 0 | AB82: 0 | AC82: 0 | AD82: 0 | AE82: 0 | AF82: True | AG82: False | AH82: True | AI82: True | AK82: Утвержден | AM82: Макет | AN82: Макет | AO82: февраль | AQ82: 0 | AR82: 0 | AS82: 23.4641 | AT82: 78 | AU82: 63.8 | AV82: 23.4641 | AW82: 78 | AX82: 63.8 | AY82: 0 | AZ82: 23.91 | BA82: 80.1 | BB82: 63.8 | BC82: 0 | BD82: 46067 | BE82: 46078
A83: Au_243 | B83: 243 | C83: 5 | D83: Западно-Аянское | E83: Иркутская нефтяная компания | F83: Аянский ЛУ AU LU | G83: ЦДНГ-1 | H83: Ожидание освоения текущего года | I83: ЭЦН | L83: ООО «ИНК-НефтеГазГеология» | N83: ООО "Андижон" | O83: 2 | P83: ТР | Q83: ТР5-1 | R83: Смена УЭЦН | T83: неф | W83: 0 | X83: 0 | Y83: 0 | Z83: 0 | AA83: 0 | AB83: 0 | AC83: 0 | AD83: 0 | AE83: 0 | AF83: True | AG83: False | AH83: True | AI83: False | AK83: Макет | AM83: Макет | AN83: нет актов | AO83: декабрь | AQ83: 0 | AR83: 0 | AS83: 23.4641 | AT83: 78 | AU83: 63.8 | AV83: 23.4641 | AW83: 78 | AX83: 63.8 | AY83: 0 | AZ83: 26.6 | BA83: 89 | BB83: 63.8 | BC83: 0 | BD83: 46050 | BE83: 46078
A84: Au_24401 | B84: 24401 | C84: 244 | D84: Западно-Аянское | E84: Иркутская нефтяная компания | F84: Аянский ЛУ AU LU | G84: ЦДНГ-1 | H84: Ожидание освоения текущего года | I84: ФОН | L84: ООО «ИНК» | N84: ООО "ИНК-ТКРС" | O84: 31 | P84: КР | Q84: КР-ОС-6 | R84: Глушение, подъем воронки, спуск УЭЦН. | S84: ФОН | T84: газ | W84: 46040.542 | X84: 46058.708 | Z84: 436 | AA84: 399.67 | AB84: 402.87 | AC84: 249.75 | AD84: 252.75 | AE84: 146.92 | AF84: True | AG84: False | AH84: False | AI84: True | AJ84: Утвержден | AK84: Утвержден | AN84: несколько актов | AO84: февраль | AQ84: 472439.28 | AR84: 472439.28 | AS84: 0 | AT84: 0 | AU84: 0 | AV84: 0 | AW84: 0 | AX84: 0 | AY84: 0 | AZ84: 176.8 | BA84: 497 | BB84: 57.2 | BC84: 0 | BD84: 46038 | BE84: 46046
A85: Au_24402 | B85: 24402 | C85: 244 | D85: Западно-Аянское | E85: Иркутская нефтяная компания | F85: Аянский ЛУ AU LU | G85: ЦДНГ-1 | L85: ООО «ИНК-НефтеГазГеология» | N85: ООО "ИНК-ТКРС" | P85: КР | Q85: КР-ОС-8 | R85: Определение приемистости, активация порта №3, определение приемистости. | W85: 0 | X85: 0 | Y85: 0 | Z85: 0 | AA85: 0 | AB85: 0 | AC85: 0 | AD85: 0 | AE85: 0 | AF85: True | AG85: False | AH85: False | AI85: False | AJ85: Макет | AK85: Макет | AN85: нет актов | AO85: декабрь | AQ85: 0 | AR85: 0 | AS85: 0 | AT85: 0 | AU85: 0 | AV85: 0 | AW85: 0 | AX85: 0 | AY85: 0 | AZ85: 53 | BA85: 65 | BB85: 1 | BC85: 0 | BD85: 46071 | BE85: 46073
A86: Au_24402 | B86: 24402 | C86: 244 | D86: Западно-Аянское | E86: Иркутская нефтяная компания | F86: Аянский ЛУ AU LU | G86: ЦДНГ-1 | L86: ООО «ИНК-НефтеГазГеология» | N86: ООО "ИНК-ТКРС" | O86: 39 | P86: КР | Q86: КР-ОС-5 | R86: Шаблонирование хвостовика, определение приемистости, ПВР + ОПЗ СКО, определение приемистости. | W86: 46010.146 | X86: 46059.208 | Z86: 1177.5 | AA86: 1079.38 | AB86: 980.69 | AC86: 407.5 | AD86: 453.5 | AE86: 625.88 | AF86: True | AG86: False | AH86: False | AI86: True | AJ86: Утвержден | AK86: Утвержден | AN86: несколько актов | AO86: февраль | AQ86: 33949470 | AR86: 33949470 | AS86: 0 | AT86: 0 | AU86: 0 | AV86: 0 | AW86: 0 | AX86: 0 | AY86: 0 | AZ86: 53.8 | BA86: 66 | BB86: 1 | BC86: 0 | BD86: 46011 | BE86: 46051
A87: Vt_2503 | B87: 2503 | C87: 25 | D87: Верхнетирский | E87: Иркутская нефтяная компания | F87: Верхнетирский лицензионный участок | G87: ЦДНГ-2 | H87: Ожидание освоения текущего года | I87: ЭЦН | L87: ООО «ИНК» | N87: ООО "ИНК-ТКРС" | O87: 31 | P87: КР | Q87: КР13-2 | R87: Глушение, подьём ЭЦН, ОТЗ до верхнего порта ДТФ 95мм, ОПЗ СКО, спуск ЭЦН. | S87: ЭЦН | T87: неф | W87: 46058.708 | X87: 46066.542 | Y87: 45596 | Z87: 181.5 | AA87: 166.38 | AB87: 169.85 | AC87: 0 | AD87: 1.75 | AE87: 164.63 | AF87: True | AG87: False | AH87: False | AI87: True | AJ87: Утвержден | AK87: Утвержден | AN87: Макет | AO87: февраль | AQ87: 4860069 | AR87: 4860069 | AS87: 9.828 | AT87: 200 | AU87: 94 | AV87: 9.828 | AW87: 200 | AX87: 94 | AY87: 0 | AZ87: 9.2 | BA87: 188 | BB87: 94 | BC87: 0 | BD87: 46058 | BE87: 46068
A88: Vt_2503 | B88: 2503 | C88: 25 | D88: Верхнетирский | E88: Иркутская нефтяная компания | F88: Верхнетирский лицензионный участок | G88: ЦДНГ-2 | H88: Ожидание освоения текущего года | I88: ЭЦН | L88: ООО «ИНК» | N88: ООО "ИНК-ТКРС" | O88: Звено глушения | P88: ТР | Q88: ТР00-8 | R88: Опережающее глушение скважины для КРС-31 | S88: ЭЦН | T88: неф | W88: 46057.812 | X88: 46058.917 | Z88: 26.5 | AA88: 24.29 | AB88: 0 | AC88: 4 | AD88: 4 | AE88: 20.29 | AF88: False | AG88: False | AH88: False | AI88: False | AN88: нет актов | AO88: декабрь | AQ88: 0 | AR88: 0 | AS88: 9.828 | AT88: 200 | AU88: 94 | AV88: 9.828 | AW88: 200 | AX88: 94 | AY88: 0 | AZ88: 9.828 | BA88: 200 | BB88: 94 | BC88: 0 | BD88: 46057 | BE88: 46059
A89: Vt_2503 | B89: 2503 | C89: 25 | D89: Верхнетирский | E89: Иркутская нефтяная компания | F89: Верхнетирский лицензионный участок | G89: ЦДНГ-2 | H89: Ожидание освоения текущего года | I89: ЭЦН | L89: ООО «ИНК» | N89: ООО "ИНК-ТКРС" | O89: 31 | P89: ТР | Q89: ТР5-1 | R89: Глушение, смена УЭЦН | S89: ЭЦН | T89: неф | W89: 0 | X89: 0 | Y89: 45596 | Z89: 0 | AA89: 0 | AB89: 0 | AC89: 0 | AD89: 0 | AE89: 0 | AF89: True | AG89: False | AH89: True | AI89: False | AK89: Макет | AM89: Макет | AN89: нет актов | AO89: декабрь | AQ89: 0 | AR89: 0 | AS89: 9.828 | AT89: 200 | AU89: 94 | AV89: 4.7174 | AW89: 192 | AX89: 97 | AY89: 0 | AZ89: 9.828 | BA89: 200 | BB89: 94 | BC89: 0 | BD89: 46057 | BE89: 46069
A90: Vt_2505 | B90: 2505 | C90: 25 | D90: Верхнетирский | E90: Иркутская нефтяная компания | F90: Верхнетирский лицензионный участок | G90: ЦДНГ-2 | H90: Ожидание освоения текущего года | I90: ЭЦН | L90: ООО «ИНК» | N90: ООО "ИНК-ТКРС" | P90: ТР | Q90: ТР13-2 | R90: глушение, смена ЗМС | T90: неф | W90: 0 | X90: 0 | Y90: 0 | Z90: 0 | AA90: 0 | AB90: 0 | AC90: 0 | AD90: 0 | AE90: 0 | AF90: True | AG90: False | AH90: False | AI90: False | AK90: Утвержден | AN90: нет актов | AO90: декабрь | AQ90: 0 | AR90: 0 | AS90: 18.0835 | AT90: 69 | AU90: 68 | AV90: 18.0835 | AW90: 69 | AX90: 68 | AY90: 0 | AZ90: 18.0835 | BA90: 69 | BB90: 68 | BC90: 0 | BD90: 46058 | BE90: 46059
A91: Ya_259 | B91: 259 | C91: 22 | D91: Ярактинское | E91: Иркутская нефтяная компания | F91: Ярактинское месторождение | G91: ЦДНГ-1 | H91: Остановлена | I91: ЭЦН | L91: ООО «ИНК» | N91: ООО "ИНК-Сервис" | O91: Звено №1 ЛМКД | P91: КР | Q91: КР1-4 | R91: РИР МКД | T91: неф | W91: 46028.375 | X91: 46067.542 | Y91: 0 | Z91: 52 | AA91: 44.8 | AB91: 0 | AC91: 0 | AD91: 0 | AE91: 44.8 | AF91: True | AG91: False | AH91: False | AI91: False | AJ91: Утвержден | AK91: Утвержден | AN91: нет актов | AO91: декабрь | AQ91: 0 | AR91: 0 | AS91: 18.8017 | AT91: 1080 | AU91: 97.9 | AV91: 18.8017 | AW91: 1080 | AX91: 97.9 | AY91: 0 | AZ91: 18.8017 | BA91: 1080 | BB91: 97.9 | BC91: 0 | BD91: 46020 | BE91: 46053
A92: Ma_025-ma | B92: 25ma | C92: 0Р | D92: Марковское | E92: Иркутская нефтяная компания | F92: Марковское месторождение | G92: ЦДНГ-1 | L92: ООО «ИНК» | N92: ООО "ИНК-ТКРС" | O92: 28 | P92: КР | Q92: КР12-2 | R92: Восстановление устья. Шаблонировка ОК-146 с разбуриванием ЦМ. ГИС. ПВР. Спуск пакера ГРП. Отработка скважины после ГРП (при необходимости НЗ). Ликвидация/консервация скважины (по доп. НЗ и ПР). | W92: 0 | X92: 0 | Z92: 0 | AA92: 0 | AB92: 0 | AC92: 0 | AD92: 0 | AE92: 0 | AF92: True | AG92: False | AH92: False | AI92: False | AJ92: Утвержден | AK92: Утвержден | AN92: нет актов | AO92: декабрь | AQ92: 0 | AR92: 0 | AS92: 0 | AT92: 0 | AU92: 0 | AV92: 0 | AW92: 0 | AX92: 0 | AY92: 0 | AZ92: 0 | BA92: 0 | BB92: 0 | BC92: 0 | BD92: 46032 | BE92: 46379
A93: Ya_292 | B93: 292 | C93: 34 | D93: Ярактинское | E93: Иркутская нефтяная компания | F93: Ярактинское месторождение | G93: ЦДНГ-1 | H93: Остановлена | I93: ЭЦН | L93: ООО «ИНК» | N93: ООО "Андижон" | O93: 4 | P93: ТР | Q93: ТР5-1 | R93: ПД УЭЦН, ОТЗ, НЗ, ОПЗ по согласованию с ГОП, СП УЭЦН. | S93: ЭЦН | T93: неф | W93: 46051.792 | X93: 46067.958 | Y93: 45443 | Z93: 388 | AA93: 362.13 | AB93: 349.57 | AC93: 34.6 | AD93: 40.6 | AE93: 321.53 | AF93: True | AG93: False | AH93: True | AI93: True | AK93: Утвержден | AM93: Макет | AN93: Макет | AO93: февраль | AQ93: 9691031.1 | AR93: 9691031.1 | AS93: 21.8773 | AT93: 29 | AU93: 9 | AV93: 21.8773 | AW93: 29 | AX93: 9 | AY93: 0 | AZ93: 21.8 | BA93: 28.9 | BB93: 9 | BC93: 0 | BD93: 46052 | BE93: 46064
A94: Ya_297 | B94: 297 | C94: 8 | D94: Ярактинское | E94: Иркутская нефтяная компания | F94: Ярактинское месторождение | G94: ЦДНГ-1 | H94: В работе | I94: ЭЦН | L94: ООО «ИНК» | N94: ООО "ИНК-ТКРС" | O94: 26 | P94: ТР | Q94: ТР5-1 | R94: Глушение, смена УЭЦН на больший типоразмер | S94: ЭЦН | T94: неф | W94: 46033.542 | X94: 46055.208 | Y94: 46029 | Z94: 520 | AA94: 476.67 | AB94: 489.67 | AC94: 346.5 | AD94: 346.5 | AE94: 130.17 | AF94: True | AG94: False | AH94: False | AI94: True | AK94: Утвержден | AN94: несколько актов | AO94: февраль | AQ94: 7923981.5 | AR94: 7923981.5 | AS94: 65.1329 | AT94: 644 | AU94: 87.8 | AV94: 28.3601 | AW94: 622 | AX94: 94.5 | AY94: 0 | AZ94: 54.8 | BA94: 1202 | BB94: 94.5 | BC94: 0 | BD94: 46031 | BE94: 46046
A95: Ic_003 | B95: 3 | C95: 3 | D95: Ичединское | E95: Иркутская нефтяная компания | F95: Западно-Ярактинский лицензионный участок | G95: ЦДНГ-2 | H95: В бездействии прошлых лет | I95: ЭЦН | L95: АО «ИНК-Запад» | N95: ООО "ИНК-ТКРС" | P95: ТР | Q95: ТР5-1 | R95: Глушение, смена УЭЦН | T95: неф | W95: 0 | X95: 0 | Y95: 0 | Z95: 0 | AA95: 0 | AB95: 0 | AC95: 0 | AD95: 0 | AE95: 0 | AF95: True | AG95: False | AH95: True | AI95: False | AK95: Макет | AM95: Готов | AN95: нет актов | AO95: декабрь | AQ95: 0 | AR95: 0 | AS95: 33.8268 | AT95: 485 | AU95: 91.4 | AV95: 25.1086 | AW95: 516 | AX95: 94 | AY95: 0 | AZ95: 33.8268 | BA95: 485 | BB95: 91.4 | BC95: 0 | BD95: 46047 | BE95: 46057
A96: Pol_003г | B96: 3-Г | D96: Половиннинский участок | E96: Иркутская нефтяная компания | G96: ЦДНГ-1 | I96: ЭЦН | L96: ООО "ИНК" | N96: ООО "ИНК-ТКРС" | O96: 28 | P96: ТР | Q96: ТР8-1 | R96: Подъём ЭЦВ, ОТЗ, НЗ (ГПШ), Спуск ЭЦВ | S96: ЭЦН | T96: вдз | W96: 46058.333 | X96: 0 | Y96: 45785 | Z96: 0 | AA96: 0 | AB96: 24.11 | AC96: 0 | AD96: 0 | AE96: 0 | AF96: True | AG96: False | AH96: False | AI96: True | AK96: Макет | AN96: Макет | AO96: февраль | AQ96: 703948.81 | AR96: 703948.81 | AS96: 0 | AT96: 0 | AU96: 0 | AV96: 0 | AW96: 0 | AX96: 0 | AY96: 0 | AZ96: 0 | BA96: 300 | BB96: 100 | BC96: 0 | BD96: 46055 | BE96: 46063
A97: Au_302 | B97: 302 | C97: 94 | D97: Западно-Аянское | E97: Иркутская нефтяная компания | F97: Аянский ЛУ AU LU | G97: ЦДНГ-1 | H97: Остановлена | I97: ЭЦН | L97: ООО «ИНК-НефтеГазГеология» | N97: ООО "ИНК-ТКРС" | O97: 39 | P97: КР | Q97: КР13-1.3НТ | R97: ВЦ в НКТ | S97: ЭЦН | T97: неф | W97: 46059.208 | X97: 46062.604 | Y97: 45692 | Z97: 81.5 | AA97: 74.71 | AB97: 23.73 | AC97: 0 | AD97: 17 | AE97: 57.71 | AF97: True | AG97: False | AH97: False | AI97: True | AJ97: Утвержден | AK97: Утвержден | AN97: Готов | AO97: февраль | AQ97: 808711.65 | AR97: 808711.65 | AS97: 27.9216 | AT97: 48 | AU97: 30 | AV97: 28.6944 | AW97: 48 | AX97: 30 | AY97: 0 | AZ97: 27.9216 | BA97: 48 | BB97: 30 | BC97: 0 | BD97: 46059 | BE97: 46065
A98: Au_302 | B98: 302 | C98: 94 | D98: Западно-Аянское | E98: Иркутская нефтяная компания | F98: Аянский ЛУ AU LU | G98: ЦДНГ-1 | H98: Остановлена | I98: ЭЦН | L98: ООО «ИНК-НефтеГазГеология» | N98: ООО "Андижон" | O98: 7 | P98: ТР | Q98: ТР5-1 | R98: Смена УЭЦН | S98: ЭЦН | T98: неф | W98: 46065.958 | X98: 0 | Z98: 0 | AA98: 0 | AB98: 29.18 | AC98: 0 | AD98: 0 | AE98: 0 | AF98: True | AG98: False | AH98: True | AI98: True | AK98: Утвержден | AM98: Макет | AN98: Макет | AO98: февраль | AQ98: 702655.54 | AR98: 702655.54 | AS98: 28.6944 | AT98: 48 | AU98: 30 | AV98: 28.6944 | AW98: 48 | AX98: 30 | AY98: 0 | AZ98: 29.9 | BA98: 55.3 | BB98: 35 | BC98: 0 | BD98: 46064 | BE98: 46078
A99: Mc_303 | B99: 303 | C99: 3 | D99: Маччобинское | E99: Иркутская нефтяная компания | F99: Мирнинский ЛУ | G99: УДНГ | H99: Остановлена | I99: ЭЦН | L99: ООО "Саханефть" | N99: ООО "ИНК-ТКРС" | O99: 16 | P99: ТР | Q99: ТР5-1 | R99: Глушение, смена УЭЦН | S99: ЭЦН | T99: неф | W99: 46059.75 | X99: 46070 | Y99: 45540 | Z99: 246 | AA99: 225.5 | AB99: 225.37 | AC99: 4 | AD99: 4 | AE99: 221.5 | AF99: True | AG99: False | AH99: True | AI99: True | AK99: Утвержден | AM99: Макет | AN99: Макет | AO99: февраль | AQ99: 5119432.8 | AR99: 5119432.8 | AS99: 73.9056 | AT99: 89 | AU99: 4 | AV99: 73.9056 | AW99: 89 | AX99: 4 | AY99: 0 | AZ99: 67 | BA99: 81.5 | BB99: 4 | BC99: 0 | BD99: 46060 | BE99: 46067
A100: Mc_306 | B100: 306 | C100: 3 | D100: Маччобинское | E100: Иркутская нефтяная компания | F100: Мирнинский ЛУ | G100: УДНГ | H100: В бездействии текущего года | I100: ЭЦН | L100: ООО "Саханефть" | N100: ООО "ИНК-ТКРС" | O100: 16 | P100: КР | Q100: КР3-1.7 | R100: Извлечение аварийного пакера, спуск ЭЦН | S100: ЭЦН | T100: неф | W100: 46070 | X100: 0 | Y100: 45886 | Z100: 0 | AA100: 0 | AB100: 28.79 | AC100: 0 | AD100: 0 | AE100: 0 | AF100: True | AG100: False | AH100: False | AI100: True | AJ100: Утвержден | AK100: Утвержден | AN100: Макет | AO100: февраль | AQ100: 654084.39 | AR100: 654084.39 | AS100: 64.183 | AT100: 106 | AU100: 30 | AV100: 64.183 | AW100: 106 | AX100: 30 | AY100: 0 | AZ100: 120 | BA100: 198 | BB100: 30 | BC100: 0 | BD100: 46070 | BE100: 46096
A101: Mc_307 | B101: 307 | C101: 3 | D101: Маччобинское | E101: Иркутская нефтяная компания | F101: Мирнинский ЛУ | G101: УДНГ | I101: ЭЦН | L101: ООО "Саханефть" | N101: ООО "ИНК-ТКРС" | O101: Звено подготовки скважин (МаччНГКМ) | P101: ТР | Q101: ТР12-1 | R101: Проведение 2-х этапной ОПЗ | S101: ЭЦН | T101: неф | W101: 46064.833 | X101: 46066.042 | Y101: 0 | Z101: 29 | AA101: 0 | AB101: 0 | AC101: 0 | AD101: 0 | AE101: 0 | AF101: False | AG101: False | AH101: False | AI101: False | AN101: нет актов | AO101: декабрь | AQ101: 0 | AR101: 0 | AS101: 533.0563 | AT101: 725 | AU101: 15 | AV101: 533.0563 | AW101: 725 | AX101: 15 | AY101: 0 | AZ101: 533.0563 | BA101: 725 | BB101: 15 | BC101: 0 | BD101: 46064 | BE101: 46067
...
